panel,value_role,experimental_unit,unit_id,E,subject_id,Treatment,Sex,study_day,value_name,plotted_value
A,cage_trajectory,cage,E1,E1,,Sucrose,Female,1,cumulative_cage_volume_removed_ml,0.0
A,cage_trajectory,cage,E1,E1,,Sucrose,Female,3,cumulative_cage_volume_removed_ml,75.0
A,cage_trajectory,cage,E1,E1,,Sucrose,Female,6,cumulative_cage_volume_removed_ml,110.0
A,cage_trajectory,cage,E2,E2,,Allulose,Female,1,cumulative_cage_volume_removed_ml,0.0
A,cage_trajectory,cage,E2,E2,,Allulose,Female,3,cumulative_cage_volume_removed_ml,40.0
A,cage_trajectory,cage,E2,E2,,Allulose,Female,6,cumulative_cage_volume_removed_ml,45.0
A,cage_trajectory,cage,E7,E7,,Sucrose,Female,1,cumulative_cage_volume_removed_ml,0.0
A,cage_trajectory,cage,E7,E7,,Sucrose,Female,3,cumulative_cage_volume_removed_ml,50.0
A,cage_trajectory,cage,E7,E7,,Sucrose,Female,6,cumulative_cage_volume_removed_ml,130.0
A,cage_trajectory,cage,E8,E8,,Allulose,Female,1,cumulative_cage_volume_removed_ml,0.0
A,cage_trajectory,cage,E8,E8,,Allulose,Female,3,cumulative_cage_volume_removed_ml,25.0
A,cage_trajectory,cage,E8,E8,,Allulose,Female,6,cumulative_cage_volume_removed_ml,35.0
A,cage_trajectory,cage,E10,E10,,Water,Female,1,cumulative_cage_volume_removed_ml,0.0
A,cage_trajectory,cage,E10,E10,,Water,Female,3,cumulative_cage_volume_removed_ml,20.0
A,cage_trajectory,cage,E10,E10,,Water,Female,6,cumulative_cage_volume_removed_ml,40.0
B,cage_endpoint,cage,E1,E1,,Sucrose,Female,6,cumulative_cage_volume_removed_ml,110.0
B,cage_endpoint,cage,E2,E2,,Allulose,Female,6,cumulative_cage_volume_removed_ml,45.0
B,cage_endpoint,cage,E7,E7,,Sucrose,Female,6,cumulative_cage_volume_removed_ml,130.0
B,cage_endpoint,cage,E8,E8,,Allulose,Female,6,cumulative_cage_volume_removed_ml,35.0
B,cage_endpoint,cage,E10,E10,,Water,Female,6,cumulative_cage_volume_removed_ml,40.0
C,mouse_trajectory_descriptive,mouse_descriptive_only,E1|FR1-2,E1,E1|FR1-2,Sucrose,Female,1,body_weight_change_pct,0.0
C,mouse_trajectory_descriptive,mouse_descriptive_only,E1|FR5-1,E1,E1|FR5-1,Sucrose,Female,1,body_weight_change_pct,0.0
C,mouse_trajectory_descriptive,mouse_descriptive_only,E1|FR1-2,E1,E1|FR1-2,Sucrose,Female,3,body_weight_change_pct,6.881405563689605
C,mouse_trajectory_descriptive,mouse_descriptive_only,E1|FR5-1,E1,E1|FR5-1,Sucrose,Female,3,body_weight_change_pct,-0.4181913225300486
C,mouse_trajectory_descriptive,mouse_descriptive_only,E1|FR1-2,E1,E1|FR1-2,Sucrose,Female,6,body_weight_change_pct,7.076622742801381
C,mouse_trajectory_descriptive,mouse_descriptive_only,E1|FR5-1,E1,E1|FR5-1,Sucrose,Female,6,body_weight_change_pct,1.8295870360690087
C,mouse_trajectory_descriptive,mouse_descriptive_only,E2|FR5-2,E2,E2|FR5-2,Allulose,Female,1,body_weight_change_pct,0.0
C,mouse_trajectory_descriptive,mouse_descriptive_only,E2|FR5-3,E2,E2|FR5-3,Allulose,Female,1,body_weight_change_pct,0.0
C,mouse_trajectory_descriptive,mouse_descriptive_only,E2|FR5-4,E2,E2|FR5-4,Allulose,Female,1,body_weight_change_pct,0.0
C,mouse_trajectory_descriptive,mouse_descriptive_only,E2|FR5-2,E2,E2|FR5-2,Allulose,Female,3,body_weight_change_pct,-1.4270613107822574
C,mouse_trajectory_descriptive,mouse_descriptive_only,E2|FR5-3,E2,E2|FR5-3,Allulose,Female,3,body_weight_change_pct,3.504316912138129
C,mouse_trajectory_descriptive,mouse_descriptive_only,E2|FR5-4,E2,E2|FR5-4,Allulose,Female,3,body_weight_change_pct,-12.15295966474594
C,mouse_trajectory_descriptive,mouse_descriptive_only,E2|FR5-2,E2,E2|FR5-2,Allulose,Female,6,body_weight_change_pct,3.1712473572938573
C,mouse_trajectory_descriptive,mouse_descriptive_only,E2|FR5-3,E2,E2|FR5-3,Allulose,Female,6,body_weight_change_pct,7.364144235652613
C,mouse_trajectory_descriptive,mouse_descriptive_only,E2|FR5-4,E2,E2|FR5-4,Allulose,Female,6,body_weight_change_pct,-19.85332634887375
C,mouse_trajectory_descriptive,mouse_descriptive_only,E7|FR7-1,E7,E7|FR7-1,Sucrose,Female,1,body_weight_change_pct,0.0
C,mouse_trajectory_descriptive,mouse_descriptive_only,E7|FR7-3,E7,E7|FR7-3,Sucrose,Female,1,body_weight_change_pct,0.0
C,mouse_trajectory_descriptive,mouse_descriptive_only,E7|FR7-1,E7,E7|FR7-1,Sucrose,Female,3,body_weight_change_pct,0.7123287671232822
C,mouse_trajectory_descriptive,mouse_descriptive_only,E7|FR7-3,E7,E7|FR7-3,Sucrose,Female,3,body_weight_change_pct,3.022670025188906
C,mouse_trajectory_descriptive,mouse_descriptive_only,E7|FR7-1,E7,E7|FR7-1,Sucrose,Female,6,body_weight_change_pct,1.36986301369863
C,mouse_trajectory_descriptive,mouse_descriptive_only,E7|FR7-3,E7,E7|FR7-3,Sucrose,Female,6,body_weight_change_pct,2.4181360201511177
C,mouse_trajectory_descriptive,mouse_descriptive_only,E8|FR6-1,E8,E8|FR6-1,Allulose,Female,1,body_weight_change_pct,0.0
C,mouse_trajectory_descriptive,mouse_descriptive_only,E8|FR6-3,E8,E8|FR6-3,Allulose,Female,1,body_weight_change_pct,0.0
C,mouse_trajectory_descriptive,mouse_descriptive_only,E8|FR6-4,E8,E8|FR6-4,Allulose,Female,1,body_weight_change_pct,0.0
C,mouse_trajectory_descriptive,mouse_descriptive_only,E8|FR6-1,E8,E8|FR6-1,Allulose,Female,3,body_weight_change_pct,-2.9585798816568114
C,mouse_trajectory_descriptive,mouse_descriptive_only,E8|FR6-3,E8,E8|FR6-3,Allulose,Female,3,body_weight_change_pct,-12.142152023692008
C,mouse_trajectory_descriptive,mouse_descriptive_only,E8|FR6-4,E8,E8|FR6-4,Allulose,Female,3,body_weight_change_pct,-3.8361845515811215
C,mouse_trajectory_descriptive,mouse_descriptive_only,E8|FR6-1,E8,E8|FR6-1,Allulose,Female,6,body_weight_change_pct,0.1972386587771161
C,mouse_trajectory_descriptive,mouse_descriptive_only,E8|FR6-3,E8,E8|FR6-3,Allulose,Female,6,body_weight_change_pct,-1.6288252714708875
C,mouse_trajectory_descriptive,mouse_descriptive_only,E8|FR6-4,E8,E8|FR6-4,Allulose,Female,6,body_weight_change_pct,2.643856920684301
C,mouse_trajectory_descriptive,mouse_descriptive_only,E10|FR1-1,E10,E10|FR1-1,Water,Female,1,body_weight_change_pct,0.0
C,mouse_trajectory_descriptive,mouse_descriptive_only,E10|FR6-2,E10,E10|FR6-2,Water,Female,1,body_weight_change_pct,0.0
C,mouse_trajectory_descriptive,mouse_descriptive_only,E10|FR7-2,E10,E10|FR7-2,Water,Female,1,body_weight_change_pct,0.0
C,mouse_trajectory_descriptive,mouse_descriptive_only,E10|FR1-1,E10,E10|FR1-1,Water,Female,3,body_weight_change_pct,4.522357723577239
C,mouse_trajectory_descriptive,mouse_descriptive_only,E10|FR6-2,E10,E10|FR6-2,Water,Female,3,body_weight_change_pct,2.656336469286112
C,mouse_trajectory_descriptive,mouse_descriptive_only,E10|FR7-2,E10,E10|FR7-2,Water,Female,3,body_weight_change_pct,-0.3352490421455952
C,mouse_trajectory_descriptive,mouse_descriptive_only,E10|FR1-1,E10,E10|FR1-1,Water,Female,6,body_weight_change_pct,2.7947154471544757
C,mouse_trajectory_descriptive,mouse_descriptive_only,E10|FR6-2,E10,E10|FR6-2,Water,Female,6,body_weight_change_pct,4.150525733259546
C,mouse_trajectory_descriptive,mouse_descriptive_only,E10|FR7-2,E10,E10|FR7-2,Water,Female,6,body_weight_change_pct,-0.6226053639846696
C,cage_day_trajectory,cage,E1,E1,,Sucrose,Female,1,cage_mean_body_weight_change_pct,0.0
C,cage_day_trajectory,cage,E1,E1,,Sucrose,Female,3,cage_mean_body_weight_change_pct,3.2316071205797785
C,cage_day_trajectory,cage,E1,E1,,Sucrose,Female,6,cage_mean_body_weight_change_pct,4.4531048894351954
C,cage_day_trajectory,cage,E2,E2,,Allulose,Female,1,cage_mean_body_weight_change_pct,0.0
C,cage_day_trajectory,cage,E2,E2,,Allulose,Female,3,cage_mean_body_weight_change_pct,-3.3585680211300235
C,cage_day_trajectory,cage,E2,E2,,Allulose,Female,6,cage_mean_body_weight_change_pct,-3.10597825197576
C,cage_day_trajectory,cage,E7,E7,,Sucrose,Female,1,cage_mean_body_weight_change_pct,0.0
C,cage_day_trajectory,cage,E7,E7,,Sucrose,Female,3,cage_mean_body_weight_change_pct,1.867499396156094
C,cage_day_trajectory,cage,E7,E7,,Sucrose,Female,6,cage_mean_body_weight_change_pct,1.893999516924874
C,cage_day_trajectory,cage,E8,E8,,Allulose,Female,1,cage_mean_body_weight_change_pct,0.0
C,cage_day_trajectory,cage,E8,E8,,Allulose,Female,3,cage_mean_body_weight_change_pct,-6.312305485643314
C,cage_day_trajectory,cage,E8,E8,,Allulose,Female,6,cage_mean_body_weight_change_pct,0.4040901026635097
C,cage_day_trajectory,cage,E10,E10,,Water,Female,1,cage_mean_body_weight_change_pct,0.0
C,cage_day_trajectory,cage,E10,E10,,Water,Female,3,cage_mean_body_weight_change_pct,2.281148383572585
C,cage_day_trajectory,cage,E10,E10,,Water,Female,6,cage_mean_body_weight_change_pct,2.1075452721431174
D,cage_endpoint,cage,E1,E1,,Sucrose,Female,6,cage_mean_body_weight_change_pct,4.4531048894351954
D,cage_endpoint,cage,E2,E2,,Allulose,Female,6,cage_mean_body_weight_change_pct,-3.10597825197576
D,cage_endpoint,cage,E7,E7,,Sucrose,Female,6,cage_mean_body_weight_change_pct,1.893999516924874
D,cage_endpoint,cage,E8,E8,,Allulose,Female,6,cage_mean_body_weight_change_pct,0.4040901026635097
D,cage_endpoint,cage,E10,E10,,Water,Female,6,cage_mean_body_weight_change_pct,2.1075452721431174
