sample_id,treatment,cohort,organ,model_class_raw,displayed_class_count,displayed_total_count,displayed_class_fraction,displayed_class_percent,log10_displayed_class_count_plus_1,phenotype_display
m26-001,Sucrose,NPY,Liver,Lymphocytes,107,6867,0.015581767875345856,1.5581767875345856,2.03342375548695,Lymphocyte-like
m26-001,Sucrose,NPY,Liver,Fibroblasts,1132,6867,0.16484636668122907,16.484636668122906,3.0542299098633974,Fibroblast-like
m26-001,Sucrose,NPY,Liver,Plasmocytes,2,6867,0.000291247997670016,0.0291247997670016,0.47712125471966244,Plasmocyte-like
m26-001,Sucrose,NPY,Liver,Eosinophils,0,6867,0.0,0.0,0.0,Eosinophil-like
m26-001,Sucrose,NPY,Liver,Neutrophils,44,6867,0.006407455948740352,0.6407455948740353,1.6532125137753437,Neutrophil-like
m26-001,Sucrose,NPY,Liver,Macrophages,770,6867,0.11213047910295616,11.213047910295616,2.8870543780509568,Macrophage-like
m26-001,Sucrose,NPY,Liver,Muscle Cell,11,6867,0.001601863987185088,0.16018639871850882,1.0791812460476249,Muscle-like
m26-001,Sucrose,NPY,Liver,Endothelial Cell,2,6867,0.000291247997670016,0.0291247997670016,0.47712125471966244,Endothelial-like
m26-001,Sucrose,NPY,Liver,Red blood cell,0,6867,0.0,0.0,0.0,RBC-like
m26-001,Sucrose,NPY,Liver,Epithelial,1749,6867,0.254696373962429,25.4696373962429,3.2430380486862944,Epithelial-like
m26-001,Sucrose,NPY,Liver,Apoptotic Body,3050,6867,0.4441531964467744,44.41531964467744,3.484442207642407,Apoptotic-like
m26-001,Sucrose,NPY,Liver,Mitotic Figures,0,6867,0.0,0.0,0.0,Mitotic-like
m26-001,Sucrose,NPY,Liver,Minor Stromal Cell,0,6867,0.0,0.0,0.0,Minor stromal-like
m26-001,Sucrose,NPY,Kidney,Lymphocytes,27,11484,0.0023510971786833857,0.23510971786833856,1.4471580313422192,Lymphocyte-like
m26-001,Sucrose,NPY,Kidney,Fibroblasts,706,11484,0.061476837338906305,6.147683733890631,2.8494194137968996,Fibroblast-like
m26-001,Sucrose,NPY,Kidney,Plasmocytes,1,11484,8.707767328456984e-05,0.008707767328456984,0.3010299956639812,Plasmocyte-like
m26-001,Sucrose,NPY,Kidney,Eosinophils,0,11484,0.0,0.0,0.0,Eosinophil-like
m26-001,Sucrose,NPY,Kidney,Neutrophils,4,11484,0.00034831069313827936,0.034831069313827935,0.6989700043360189,Neutrophil-like
m26-001,Sucrose,NPY,Kidney,Macrophages,2132,11484,0.1856495994427029,18.56495994427029,3.3289908554494287,Macrophage-like
m26-001,Sucrose,NPY,Kidney,Muscle Cell,22,11484,0.0019157088122605363,0.19157088122605362,1.3617278360175928,Muscle-like
m26-001,Sucrose,NPY,Kidney,Endothelial Cell,1,11484,8.707767328456984e-05,0.008707767328456984,0.3010299956639812,Endothelial-like
m26-001,Sucrose,NPY,Kidney,Red blood cell,0,11484,0.0,0.0,0.0,RBC-like
m26-001,Sucrose,NPY,Kidney,Epithelial,7902,11484,0.6880877742946708,68.80877742946709,3.897791981939225,Epithelial-like
m26-001,Sucrose,NPY,Kidney,Apoptotic Body,689,11484,0.05999651689306862,5.999651689306862,2.838849090737255,Apoptotic-like
m26-001,Sucrose,NPY,Kidney,Mitotic Figures,0,11484,0.0,0.0,0.0,Mitotic-like
m26-001,Sucrose,NPY,Kidney,Minor Stromal Cell,0,11484,0.0,0.0,0.0,Minor stromal-like
m26-001,Sucrose,NPY,Spleen,Lymphocytes,1687,31860,0.0529504080351538,5.29504080351538,3.2273724422896364,Lymphocyte-like
m26-001,Sucrose,NPY,Spleen,Fibroblasts,25913,31860,0.8133396107972379,81.33396107972379,4.413534454431142,Fibroblast-like
m26-001,Sucrose,NPY,Spleen,Plasmocytes,3,31860,9.416195856873823e-05,0.009416195856873822,0.6020599913279624,Plasmocyte-like
m26-001,Sucrose,NPY,Spleen,Eosinophils,0,31860,0.0,0.0,0.0,Eosinophil-like
m26-001,Sucrose,NPY,Spleen,Neutrophils,16,31860,0.0005021971123666039,0.050219711236660386,1.2304489213782739,Neutrophil-like
m26-001,Sucrose,NPY,Spleen,Macrophages,3740,31860,0.11738857501569366,11.738857501569367,3.572987708198205,Macrophage-like
m26-001,Sucrose,NPY,Spleen,Muscle Cell,45,31860,0.0014124293785310734,0.14124293785310735,1.662757831681574,Muscle-like
m26-001,Sucrose,NPY,Spleen,Endothelial Cell,26,31860,0.0008160703075957313,0.08160703075957314,1.4313637641589874,Endothelial-like
m26-001,Sucrose,NPY,Spleen,Red blood cell,0,31860,0.0,0.0,0.0,RBC-like
m26-001,Sucrose,NPY,Spleen,Epithelial,355,31860,0.011142498430634024,1.1142498430634025,2.5514499979728753,Epithelial-like
m26-001,Sucrose,NPY,Spleen,Apoptotic Body,75,31860,0.0023540489642184556,0.23540489642184556,1.8808135922807914,Apoptotic-like
m26-001,Sucrose,NPY,Spleen,Mitotic Figures,0,31860,0.0,0.0,0.0,Mitotic-like
m26-001,Sucrose,NPY,Spleen,Minor Stromal Cell,0,31860,0.0,0.0,0.0,Minor stromal-like
m26-002,Sucrose,NPY,Liver,Lymphocytes,2,4291,0.00046609182008855747,0.04660918200885575,0.47712125471966244,Lymphocyte-like
m26-002,Sucrose,NPY,Liver,Fibroblasts,91,4291,0.021207177814029365,2.1207177814029365,1.9637878273455553,Fibroblast-like
m26-002,Sucrose,NPY,Liver,Plasmocytes,1,4291,0.00023304591004427873,0.023304591004427874,0.3010299956639812,Plasmocyte-like
m26-002,Sucrose,NPY,Liver,Eosinophils,0,4291,0.0,0.0,0.0,Eosinophil-like
m26-002,Sucrose,NPY,Liver,Neutrophils,13,4291,0.0030295968305756233,0.3029596830575623,1.146128035678238,Neutrophil-like
m26-002,Sucrose,NPY,Liver,Macrophages,9,4291,0.0020974131903985084,0.20974131903985083,1.0,Macrophage-like
m26-002,Sucrose,NPY,Liver,Muscle Cell,0,4291,0.0,0.0,0.0,Muscle-like
m26-002,Sucrose,NPY,Liver,Endothelial Cell,0,4291,0.0,0.0,0.0,Endothelial-like
m26-002,Sucrose,NPY,Liver,Red blood cell,0,4291,0.0,0.0,0.0,RBC-like
m26-002,Sucrose,NPY,Liver,Epithelial,144,4291,0.033558611046376134,3.3558611046376132,2.161368002234975,Epithelial-like
m26-002,Sucrose,NPY,Liver,Apoptotic Body,4031,4291,0.9394080633884875,93.94080633884874,3.6055205234374688,Apoptotic-like
m26-002,Sucrose,NPY,Liver,Mitotic Figures,0,4291,0.0,0.0,0.0,Mitotic-like
m26-002,Sucrose,NPY,Liver,Minor Stromal Cell,0,4291,0.0,0.0,0.0,Minor stromal-like
m26-002,Sucrose,NPY,Kidney,Lymphocytes,13,10335,0.0012578616352201257,0.12578616352201258,1.146128035678238,Lymphocyte-like
m26-002,Sucrose,NPY,Kidney,Fibroblasts,212,10335,0.020512820512820513,2.051282051282051,2.3283796034387376,Fibroblast-like
m26-002,Sucrose,NPY,Kidney,Plasmocytes,0,10335,0.0,0.0,0.0,Plasmocyte-like
m26-002,Sucrose,NPY,Kidney,Eosinophils,0,10335,0.0,0.0,0.0,Eosinophil-like
m26-002,Sucrose,NPY,Kidney,Neutrophils,8,10335,0.0007740686985970005,0.07740686985970005,0.9542425094393249,Neutrophil-like
m26-002,Sucrose,NPY,Kidney,Macrophages,886,10335,0.0857281083696178,8.57281083696178,2.9479236198317262,Macrophage-like
m26-002,Sucrose,NPY,Kidney,Muscle Cell,20,10335,0.0019351717464925011,0.1935171746492501,1.3222192947339193,Muscle-like
m26-002,Sucrose,NPY,Kidney,Endothelial Cell,0,10335,0.0,0.0,0.0,Endothelial-like
m26-002,Sucrose,NPY,Kidney,Red blood cell,0,10335,0.0,0.0,0.0,RBC-like
m26-002,Sucrose,NPY,Kidney,Epithelial,7766,10335,0.7514271891630382,75.14271891630382,3.8902533051545345,Epithelial-like
m26-002,Sucrose,NPY,Kidney,Apoptotic Body,1430,10335,0.13836477987421383,13.836477987421384,3.1556396337597765,Apoptotic-like
m26-002,Sucrose,NPY,Kidney,Mitotic Figures,0,10335,0.0,0.0,0.0,Mitotic-like
m26-002,Sucrose,NPY,Kidney,Minor Stromal Cell,0,10335,0.0,0.0,0.0,Minor stromal-like
m26-002,Sucrose,NPY,Spleen,Lymphocytes,1059,21567,0.04910279593823898,4.910279593823898,3.0253058652647704,Lymphocyte-like
m26-002,Sucrose,NPY,Spleen,Fibroblasts,14539,21567,0.6741317753975982,67.41317753975981,4.162564406523019,Fibroblast-like
m26-002,Sucrose,NPY,Spleen,Plasmocytes,53,21567,0.0024574581536606853,0.24574581536606854,1.7323937598229686,Plasmocyte-like
m26-002,Sucrose,NPY,Spleen,Eosinophils,0,21567,0.0,0.0,0.0,Eosinophil-like
m26-002,Sucrose,NPY,Spleen,Neutrophils,123,21567,0.005703157601891779,0.5703157601891778,2.093421685162235,Neutrophil-like
m26-002,Sucrose,NPY,Spleen,Macrophages,2269,21567,0.10520702925766216,10.520702925766216,3.3560258571931225,Macrophage-like
m26-002,Sucrose,NPY,Spleen,Muscle Cell,19,21567,0.0008809755645198683,0.08809755645198683,1.3010299956639813,Muscle-like
m26-002,Sucrose,NPY,Spleen,Endothelial Cell,27,21567,0.0012519126443177077,0.12519126443177075,1.4471580313422192,Endothelial-like
m26-002,Sucrose,NPY,Spleen,Red blood cell,0,21567,0.0,0.0,0.0,RBC-like
m26-002,Sucrose,NPY,Spleen,Epithelial,3373,21567,0.15639634626976398,15.639634626976399,3.5281450782531065,Epithelial-like
m26-002,Sucrose,NPY,Spleen,Apoptotic Body,105,21567,0.004868549172346641,0.4868549172346641,2.0253058652647704,Apoptotic-like
m26-002,Sucrose,NPY,Spleen,Mitotic Figures,0,21567,0.0,0.0,0.0,Mitotic-like
m26-002,Sucrose,NPY,Spleen,Minor Stromal Cell,0,21567,0.0,0.0,0.0,Minor stromal-like
m26-003,Sucrose,POMC,Liver,Lymphocytes,4,3394,0.0011785503830288745,0.11785503830288745,0.6989700043360189,Lymphocyte-like
m26-003,Sucrose,POMC,Liver,Fibroblasts,224,3394,0.06599882144961697,6.599882144961697,2.3521825181113627,Fibroblast-like
m26-003,Sucrose,POMC,Liver,Plasmocytes,2,3394,0.0005892751915144372,0.05892751915144372,0.47712125471966244,Plasmocyte-like
m26-003,Sucrose,POMC,Liver,Eosinophils,0,3394,0.0,0.0,0.0,Eosinophil-like
m26-003,Sucrose,POMC,Liver,Neutrophils,18,3394,0.005303476723629935,0.5303476723629935,1.2787536009528289,Neutrophil-like
m26-003,Sucrose,POMC,Liver,Macrophages,29,3394,0.00854449027695934,0.8544490276959339,1.4771212547196624,Macrophage-like
m26-003,Sucrose,POMC,Liver,Muscle Cell,4,3394,0.0011785503830288745,0.11785503830288745,0.6989700043360189,Muscle-like
m26-003,Sucrose,POMC,Liver,Endothelial Cell,0,3394,0.0,0.0,0.0,Endothelial-like
m26-003,Sucrose,POMC,Liver,Red blood cell,0,3394,0.0,0.0,0.0,RBC-like
m26-003,Sucrose,POMC,Liver,Epithelial,214,3394,0.06305244549204478,6.3052445492044775,2.3324384599156054,Epithelial-like
m26-003,Sucrose,POMC,Liver,Apoptotic Body,2899,3394,0.8541543901001768,85.41543901001768,3.462397997898956,Apoptotic-like
m26-003,Sucrose,POMC,Liver,Mitotic Figures,0,3394,0.0,0.0,0.0,Mitotic-like
m26-003,Sucrose,POMC,Liver,Minor Stromal Cell,0,3394,0.0,0.0,0.0,Minor stromal-like
m26-003,Sucrose,POMC,Kidney,Lymphocytes,52,13395,0.0038820455393803657,0.38820455393803655,1.7242758696007892,Lymphocyte-like
m26-003,Sucrose,POMC,Kidney,Fibroblasts,944,13395,0.07047405748413588,7.0474057484135875,2.975431808509263,Fibroblast-like
m26-003,Sucrose,POMC,Kidney,Plasmocytes,0,13395,0.0,0.0,0.0,Plasmocyte-like
m26-003,Sucrose,POMC,Kidney,Eosinophils,0,13395,0.0,0.0,0.0,Eosinophil-like
m26-003,Sucrose,POMC,Kidney,Neutrophils,4,13395,0.0002986188876446435,0.02986188876446435,0.6989700043360189,Neutrophil-like
m26-003,Sucrose,POMC,Kidney,Macrophages,2264,13395,0.16901829040686822,16.90182904068682,3.3550682063488506,Macrophage-like
m26-003,Sucrose,POMC,Kidney,Muscle Cell,47,13395,0.0035087719298245615,0.3508771929824561,1.6812412373755872,Muscle-like
m26-003,Sucrose,POMC,Kidney,Endothelial Cell,0,13395,0.0,0.0,0.0,Endothelial-like
m26-003,Sucrose,POMC,Kidney,Red blood cell,0,13395,0.0,0.0,0.0,RBC-like
m26-003,Sucrose,POMC,Kidney,Epithelial,8858,13395,0.6612915266890631,66.12915266890631,3.947384701684741,Epithelial-like
m26-003,Sucrose,POMC,Kidney,Apoptotic Body,1226,13395,0.09152668906308324,9.152668906308325,3.0888445627270045,Apoptotic-like
m26-003,Sucrose,POMC,Kidney,Mitotic Figures,0,13395,0.0,0.0,0.0,Mitotic-like
m26-003,Sucrose,POMC,Kidney,Minor Stromal Cell,0,13395,0.0,0.0,0.0,Minor stromal-like
m26-003,Sucrose,POMC,Spleen,Lymphocytes,399,12666,0.031501657981999054,3.1501657981999056,2.6020599913279625,Lymphocyte-like
m26-003,Sucrose,POMC,Spleen,Fibroblasts,7113,12666,0.5615821885362388,56.15821885362388,3.8521138608497614,Fibroblast-like
m26-003,Sucrose,POMC,Spleen,Plasmocytes,11,12666,0.0008684667614084952,0.08684667614084952,1.0791812460476249,Plasmocyte-like
m26-003,Sucrose,POMC,Spleen,Eosinophils,0,12666,0.0,0.0,0.0,Eosinophil-like
m26-003,Sucrose,POMC,Spleen,Neutrophils,236,12666,0.01863255960840044,1.863255960840044,2.374748346010104,Neutrophil-like
m26-003,Sucrose,POMC,Spleen,Macrophages,1834,12666,0.14479709458392548,14.479709458392549,3.263636068588108,Macrophage-like
m26-003,Sucrose,POMC,Spleen,Muscle Cell,28,12666,0.0022106426654034425,0.22106426654034425,1.462397997898956,Muscle-like
m26-003,Sucrose,POMC,Spleen,Endothelial Cell,34,12666,0.0026843518079898944,0.2684351807989894,1.5440680443502757,Endothelial-like
m26-003,Sucrose,POMC,Spleen,Red blood cell,0,12666,0.0,0.0,0.0,RBC-like
m26-003,Sucrose,POMC,Spleen,Epithelial,2557,12666,0.20187904626559292,20.18790462655929,3.407900540142635,Epithelial-like
m26-003,Sucrose,POMC,Spleen,Apoptotic Body,454,12666,0.035843991789041525,3.5843991789041527,2.6580113966571126,Apoptotic-like
m26-003,Sucrose,POMC,Spleen,Mitotic Figures,0,12666,0.0,0.0,0.0,Mitotic-like
m26-003,Sucrose,POMC,Spleen,Minor Stromal Cell,0,12666,0.0,0.0,0.0,Minor stromal-like
m26-004,Sucrose,NPY,Liver,Lymphocytes,15,2672,0.00561377245508982,0.561377245508982,1.2041199826559248,Lymphocyte-like
m26-004,Sucrose,NPY,Liver,Fibroblasts,121,2672,0.045284431137724554,4.528443113772456,2.0863598306747484,Fibroblast-like
m26-004,Sucrose,NPY,Liver,Plasmocytes,1,2672,0.00037425149700598805,0.037425149700598806,0.3010299956639812,Plasmocyte-like
m26-004,Sucrose,NPY,Liver,Eosinophils,0,2672,0.0,0.0,0.0,Eosinophil-like
m26-004,Sucrose,NPY,Liver,Neutrophils,12,2672,0.004491017964071856,0.4491017964071856,1.1139433523068367,Neutrophil-like
m26-004,Sucrose,NPY,Liver,Macrophages,418,2672,0.156437125748503,15.6437125748503,2.622214022966295,Macrophage-like
m26-004,Sucrose,NPY,Liver,Muscle Cell,0,2672,0.0,0.0,0.0,Muscle-like
m26-004,Sucrose,NPY,Liver,Endothelial Cell,1,2672,0.00037425149700598805,0.037425149700598806,0.3010299956639812,Endothelial-like
m26-004,Sucrose,NPY,Liver,Red blood cell,0,2672,0.0,0.0,0.0,RBC-like
m26-004,Sucrose,NPY,Liver,Epithelial,252,2672,0.09431137724550898,9.431137724550897,2.403120521175818,Epithelial-like
m26-004,Sucrose,NPY,Liver,Apoptotic Body,1852,2672,0.6931137724550899,69.311377245509,3.2678754193188975,Apoptotic-like
m26-004,Sucrose,NPY,Liver,Mitotic Figures,0,2672,0.0,0.0,0.0,Mitotic-like
m26-004,Sucrose,NPY,Liver,Minor Stromal Cell,0,2672,0.0,0.0,0.0,Minor stromal-like
m26-004,Sucrose,NPY,Kidney,Lymphocytes,18,10861,0.0016573059570941901,0.165730595709419,1.2787536009528289,Lymphocyte-like
m26-004,Sucrose,NPY,Kidney,Fibroblasts,563,10861,0.0518368474357794,5.18368474357794,2.751279103983342,Fibroblast-like
m26-004,Sucrose,NPY,Kidney,Plasmocytes,0,10861,0.0,0.0,0.0,Plasmocyte-like
m26-004,Sucrose,NPY,Kidney,Eosinophils,0,10861,0.0,0.0,0.0,Eosinophil-like
m26-004,Sucrose,NPY,Kidney,Neutrophils,10,10861,0.0009207255317189945,0.09207255317189945,1.041392685158225,Neutrophil-like
m26-004,Sucrose,NPY,Kidney,Macrophages,1088,10861,0.10017493785102662,10.017493785102662,3.037027879755775,Macrophage-like
m26-004,Sucrose,NPY,Kidney,Muscle Cell,24,10861,0.002209741276125587,0.22097412761255872,1.3979400086720377,Muscle-like
m26-004,Sucrose,NPY,Kidney,Endothelial Cell,0,10861,0.0,0.0,0.0,Endothelial-like
m26-004,Sucrose,NPY,Kidney,Red blood cell,0,10861,0.0,0.0,0.0,RBC-like
m26-004,Sucrose,NPY,Kidney,Epithelial,8283,10861,0.7626369579228433,76.26369579228432,3.918240090221415,Epithelial-like
m26-004,Sucrose,NPY,Kidney,Apoptotic Body,875,10861,0.08056348402541202,8.056348402541202,2.9425041061680806,Apoptotic-like
m26-004,Sucrose,NPY,Kidney,Mitotic Figures,0,10861,0.0,0.0,0.0,Mitotic-like
m26-004,Sucrose,NPY,Kidney,Minor Stromal Cell,0,10861,0.0,0.0,0.0,Minor stromal-like
m26-004,Sucrose,NPY,Spleen,Lymphocytes,1385,18083,0.07659127357186307,7.659127357186307,3.141763230275788,Lymphocyte-like
m26-004,Sucrose,NPY,Spleen,Fibroblasts,11595,18083,0.6412099762207598,64.12099762207598,4.06430820668296,Fibroblast-like
m26-004,Sucrose,NPY,Spleen,Plasmocytes,3,18083,0.00016590167560692363,0.016590167560692363,0.6020599913279624,Plasmocyte-like
m26-004,Sucrose,NPY,Spleen,Eosinophils,0,18083,0.0,0.0,0.0,Eosinophil-like
m26-004,Sucrose,NPY,Spleen,Neutrophils,17,18083,0.0009401094951059006,0.09401094951059005,1.255272505103306,Neutrophil-like
m26-004,Sucrose,NPY,Spleen,Macrophages,4177,18083,0.23099043300337332,23.099043300337332,3.62096843564429,Macrophage-like
m26-004,Sucrose,NPY,Spleen,Muscle Cell,21,18083,0.0011613117292484654,0.11613117292484654,1.3424226808222062,Muscle-like
m26-004,Sucrose,NPY,Spleen,Endothelial Cell,48,18083,0.002654426809710778,0.2654426809710778,1.6901960800285136,Endothelial-like
m26-004,Sucrose,NPY,Spleen,Red blood cell,0,18083,0.0,0.0,0.0,RBC-like
m26-004,Sucrose,NPY,Spleen,Epithelial,735,18083,0.04064591052369629,4.064591052369629,2.866877814337499,Epithelial-like
m26-004,Sucrose,NPY,Spleen,Apoptotic Body,102,18083,0.005640656970635404,0.5640656970635404,2.012837224705172,Apoptotic-like
m26-004,Sucrose,NPY,Spleen,Mitotic Figures,0,18083,0.0,0.0,0.0,Mitotic-like
m26-004,Sucrose,NPY,Spleen,Minor Stromal Cell,0,18083,0.0,0.0,0.0,Minor stromal-like
m26-005,Sucrose,POMC,Liver,Lymphocytes,16,3092,0.00517464424320828,0.517464424320828,1.2304489213782739,Lymphocyte-like
m26-005,Sucrose,POMC,Liver,Fibroblasts,187,3092,0.06047865459249677,6.047865459249676,2.27415784926368,Fibroblast-like
m26-005,Sucrose,POMC,Liver,Plasmocytes,0,3092,0.0,0.0,0.0,Plasmocyte-like
m26-005,Sucrose,POMC,Liver,Eosinophils,0,3092,0.0,0.0,0.0,Eosinophil-like
m26-005,Sucrose,POMC,Liver,Neutrophils,8,3092,0.00258732212160414,0.258732212160414,0.9542425094393249,Neutrophil-like
m26-005,Sucrose,POMC,Liver,Macrophages,29,3092,0.009379042690815007,0.9379042690815007,1.4771212547196624,Macrophage-like
m26-005,Sucrose,POMC,Liver,Muscle Cell,15,3092,0.0048512289780077615,0.48512289780077616,1.2041199826559248,Muscle-like
m26-005,Sucrose,POMC,Liver,Endothelial Cell,0,3092,0.0,0.0,0.0,Endothelial-like
m26-005,Sucrose,POMC,Liver,Red blood cell,0,3092,0.0,0.0,0.0,RBC-like
m26-005,Sucrose,POMC,Liver,Epithelial,832,3092,0.2690815006468305,26.90815006468305,2.9206450014067875,Epithelial-like
m26-005,Sucrose,POMC,Liver,Apoptotic Body,2005,3092,0.6484476067270375,64.84476067270376,3.302330928684399,Apoptotic-like
m26-005,Sucrose,POMC,Liver,Mitotic Figures,0,3092,0.0,0.0,0.0,Mitotic-like
m26-005,Sucrose,POMC,Liver,Minor Stromal Cell,0,3092,0.0,0.0,0.0,Minor stromal-like
m26-005,Sucrose,POMC,Kidney,Lymphocytes,19,14002,0.0013569490072846736,0.13569490072846735,1.3010299956639813,Lymphocyte-like
m26-005,Sucrose,POMC,Kidney,Fibroblasts,1188,14002,0.08484502213969433,8.484502213969433,3.0751818546186915,Fibroblast-like
m26-005,Sucrose,POMC,Kidney,Plasmocytes,0,14002,0.0,0.0,0.0,Plasmocyte-like
m26-005,Sucrose,POMC,Kidney,Eosinophils,0,14002,0.0,0.0,0.0,Eosinophil-like
m26-005,Sucrose,POMC,Kidney,Neutrophils,6,14002,0.00042851021282673904,0.0428510212826739,0.8450980400142568,Neutrophil-like
m26-005,Sucrose,POMC,Kidney,Macrophages,1221,14002,0.0872018283102414,8.72018283102414,3.0870712059065353,Macrophage-like
m26-005,Sucrose,POMC,Kidney,Muscle Cell,36,14002,0.002571061276960434,0.2571061276960434,1.568201724066995,Muscle-like
m26-005,Sucrose,POMC,Kidney,Endothelial Cell,0,14002,0.0,0.0,0.0,Endothelial-like
m26-005,Sucrose,POMC,Kidney,Red blood cell,0,14002,0.0,0.0,0.0,RBC-like
m26-005,Sucrose,POMC,Kidney,Epithelial,10654,14002,0.7608913012426796,76.08913012426795,4.027553454050221,Epithelial-like
m26-005,Sucrose,POMC,Kidney,Apoptotic Body,878,14002,0.06270532781031281,6.270532781031281,2.9439888750737717,Apoptotic-like
m26-005,Sucrose,POMC,Kidney,Mitotic Figures,0,14002,0.0,0.0,0.0,Mitotic-like
m26-005,Sucrose,POMC,Kidney,Minor Stromal Cell,0,14002,0.0,0.0,0.0,Minor stromal-like
m26-005,Sucrose,POMC,Spleen,Lymphocytes,379,18114,0.020923042950204262,2.0923042950204263,2.57978359661681,Lymphocyte-like
m26-005,Sucrose,POMC,Spleen,Fibroblasts,14039,18114,0.7750358838467484,77.50358838467484,4.147367107793786,Fibroblast-like
m26-005,Sucrose,POMC,Spleen,Plasmocytes,6,18114,0.0003312355084465055,0.033123550844650546,0.8450980400142568,Plasmocyte-like
m26-005,Sucrose,POMC,Spleen,Eosinophils,0,18114,0.0,0.0,0.0,Eosinophil-like
m26-005,Sucrose,POMC,Spleen,Neutrophils,69,18114,0.0038092083471348128,0.38092083471348126,1.845098040014257,Neutrophil-like
m26-005,Sucrose,POMC,Spleen,Macrophages,1900,18114,0.1048912443413934,10.48912443413934,3.278982116865443,Macrophage-like
m26-005,Sucrose,POMC,Spleen,Muscle Cell,19,18114,0.001048912443413934,0.1048912443413934,1.3010299956639813,Muscle-like
m26-005,Sucrose,POMC,Spleen,Endothelial Cell,14,18114,0.0007728828530418461,0.0772882853041846,1.1760912590556813,Endothelial-like
m26-005,Sucrose,POMC,Spleen,Red blood cell,0,18114,0.0,0.0,0.0,RBC-like
m26-005,Sucrose,POMC,Spleen,Epithelial,1111,18114,0.06133377498067793,6.133377498067793,3.0461047872460387,Epithelial-like
m26-005,Sucrose,POMC,Spleen,Apoptotic Body,577,18114,0.031853814728938945,3.1853814728938943,2.761927838420529,Apoptotic-like
m26-005,Sucrose,POMC,Spleen,Mitotic Figures,0,18114,0.0,0.0,0.0,Mitotic-like
m26-005,Sucrose,POMC,Spleen,Minor Stromal Cell,0,18114,0.0,0.0,0.0,Minor stromal-like
m26-006,Sucrose,POMC,Liver,Lymphocytes,15,3090,0.0048543689320388345,0.48543689320388345,1.2041199826559248,Lymphocyte-like
m26-006,Sucrose,POMC,Liver,Fibroblasts,712,3090,0.23042071197411004,23.042071197411005,2.8530895298518657,Fibroblast-like
m26-006,Sucrose,POMC,Liver,Plasmocytes,0,3090,0.0,0.0,0.0,Plasmocyte-like
m26-006,Sucrose,POMC,Liver,Eosinophils,0,3090,0.0,0.0,0.0,Eosinophil-like
m26-006,Sucrose,POMC,Liver,Neutrophils,44,3090,0.01423948220064725,1.423948220064725,1.6532125137753437,Neutrophil-like
m26-006,Sucrose,POMC,Liver,Macrophages,220,3090,0.07119741100323625,7.119741100323624,2.3443922736851106,Macrophage-like
m26-006,Sucrose,POMC,Liver,Muscle Cell,1,3090,0.00032362459546925567,0.032362459546925564,0.3010299956639812,Muscle-like
m26-006,Sucrose,POMC,Liver,Endothelial Cell,0,3090,0.0,0.0,0.0,Endothelial-like
m26-006,Sucrose,POMC,Liver,Red blood cell,0,3090,0.0,0.0,0.0,RBC-like
m26-006,Sucrose,POMC,Liver,Epithelial,474,3090,0.1533980582524272,15.339805825242719,2.6766936096248664,Epithelial-like
m26-006,Sucrose,POMC,Liver,Apoptotic Body,1624,3090,0.5255663430420712,52.556634304207115,3.210853365314893,Apoptotic-like
m26-006,Sucrose,POMC,Liver,Mitotic Figures,0,3090,0.0,0.0,0.0,Mitotic-like
m26-006,Sucrose,POMC,Liver,Minor Stromal Cell,0,3090,0.0,0.0,0.0,Minor stromal-like
m26-006,Sucrose,POMC,Kidney,Lymphocytes,29,13155,0.0022044849866970735,0.22044849866970734,1.4771212547196624,Lymphocyte-like
m26-006,Sucrose,POMC,Kidney,Fibroblasts,703,13155,0.05343975674648423,5.343975674648423,2.847572659142112,Fibroblast-like
m26-006,Sucrose,POMC,Kidney,Plasmocytes,0,13155,0.0,0.0,0.0,Plasmocyte-like
m26-006,Sucrose,POMC,Kidney,Eosinophils,0,13155,0.0,0.0,0.0,Eosinophil-like
m26-006,Sucrose,POMC,Kidney,Neutrophils,1,13155,7.601672367920942e-05,0.007601672367920942,0.3010299956639812,Neutrophil-like
m26-006,Sucrose,POMC,Kidney,Macrophages,1520,13155,0.11554541999239833,11.554541999239833,3.182129214052998,Macrophage-like
m26-006,Sucrose,POMC,Kidney,Muscle Cell,43,13155,0.003268719118206005,0.3268719118206005,1.6434526764861874,Muscle-like
m26-006,Sucrose,POMC,Kidney,Endothelial Cell,0,13155,0.0,0.0,0.0,Endothelial-like
m26-006,Sucrose,POMC,Kidney,Red blood cell,0,13155,0.0,0.0,0.0,RBC-like
m26-006,Sucrose,POMC,Kidney,Epithelial,9864,13155,0.7498289623717218,74.98289623717218,3.99409708958821,Epithelial-like
m26-006,Sucrose,POMC,Kidney,Apoptotic Body,995,13155,0.07563664006081337,7.563664006081337,2.998259338423699,Apoptotic-like
m26-006,Sucrose,POMC,Kidney,Mitotic Figures,0,13155,0.0,0.0,0.0,Mitotic-like
m26-006,Sucrose,POMC,Kidney,Minor Stromal Cell,0,13155,0.0,0.0,0.0,Minor stromal-like
m26-006,Sucrose,POMC,Spleen,Lymphocytes,1152,23099,0.04987228884367289,4.987228884367289,3.061829307294699,Lymphocyte-like
m26-006,Sucrose,POMC,Spleen,Fibroblasts,18284,23099,0.791549417723711,79.1549417723711,4.262094964674064,Fibroblast-like
m26-006,Sucrose,POMC,Spleen,Plasmocytes,2,23099,8.65838347980432e-05,0.00865838347980432,0.47712125471966244,Plasmocyte-like
m26-006,Sucrose,POMC,Spleen,Eosinophils,0,23099,0.0,0.0,0.0,Eosinophil-like
m26-006,Sucrose,POMC,Spleen,Neutrophils,14,23099,0.0006060868435863024,0.06060868435863024,1.1760912590556813,Neutrophil-like
m26-006,Sucrose,POMC,Spleen,Macrophages,3108,23099,0.13455127927615915,13.455127927615914,3.492620722043192,Macrophage-like
m26-006,Sucrose,POMC,Spleen,Muscle Cell,59,23099,0.0025542231265422745,0.25542231265422743,1.7781512503836436,Muscle-like
m26-006,Sucrose,POMC,Spleen,Endothelial Cell,16,23099,0.0006926706783843456,0.06926706783843456,1.2304489213782739,Endothelial-like
m26-006,Sucrose,POMC,Spleen,Red blood cell,0,23099,0.0,0.0,0.0,RBC-like
m26-006,Sucrose,POMC,Spleen,Epithelial,423,23099,0.018312481059786136,1.8312481059786136,2.6273658565927325,Epithelial-like
m26-006,Sucrose,POMC,Spleen,Apoptotic Body,41,23099,0.0017749686133598857,0.17749686133598858,1.6232492903979006,Apoptotic-like
m26-006,Sucrose,POMC,Spleen,Mitotic Figures,0,23099,0.0,0.0,0.0,Mitotic-like
m26-006,Sucrose,POMC,Spleen,Minor Stromal Cell,0,23099,0.0,0.0,0.0,Minor stromal-like
m26-007,Sucrose,POMC,Liver,Lymphocytes,31,3723,0.0083266183185603,0.83266183185603,1.505149978319906,Lymphocyte-like
m26-007,Sucrose,POMC,Liver,Fibroblasts,311,3723,0.0835347837765243,8.353478377652431,2.494154594018443,Fibroblast-like
m26-007,Sucrose,POMC,Liver,Plasmocytes,0,3723,0.0,0.0,0.0,Plasmocyte-like
m26-007,Sucrose,POMC,Liver,Eosinophils,0,3723,0.0,0.0,0.0,Eosinophil-like
m26-007,Sucrose,POMC,Liver,Neutrophils,10,3723,0.0026860059092130005,0.26860059092130006,1.041392685158225,Neutrophil-like
m26-007,Sucrose,POMC,Liver,Macrophages,58,3723,0.0155788342734354,1.55788342734354,1.7708520116421442,Macrophage-like
m26-007,Sucrose,POMC,Liver,Muscle Cell,41,3723,0.0110126242277733,1.10126242277733,1.6232492903979006,Muscle-like
m26-007,Sucrose,POMC,Liver,Endothelial Cell,0,3723,0.0,0.0,0.0,Endothelial-like
m26-007,Sucrose,POMC,Liver,Red blood cell,0,3723,0.0,0.0,0.0,RBC-like
m26-007,Sucrose,POMC,Liver,Epithelial,203,3723,0.054525919957023904,5.452591995702391,2.3096301674258988,Epithelial-like
m26-007,Sucrose,POMC,Liver,Apoptotic Body,3069,3723,0.8243352135374697,82.43352135374697,3.4871383754771865,Apoptotic-like
m26-007,Sucrose,POMC,Liver,Mitotic Figures,0,3723,0.0,0.0,0.0,Mitotic-like
m26-007,Sucrose,POMC,Liver,Minor Stromal Cell,0,3723,0.0,0.0,0.0,Minor stromal-like
m26-007,Sucrose,POMC,Kidney,Lymphocytes,29,12259,0.00236560894037034,0.236560894037034,1.4771212547196624,Lymphocyte-like
m26-007,Sucrose,POMC,Kidney,Fibroblasts,692,12259,0.05644832368056122,5.644832368056122,2.8407332346118066,Fibroblast-like
m26-007,Sucrose,POMC,Kidney,Plasmocytes,0,12259,0.0,0.0,0.0,Plasmocyte-like
m26-007,Sucrose,POMC,Kidney,Eosinophils,0,12259,0.0,0.0,0.0,Eosinophil-like
m26-007,Sucrose,POMC,Kidney,Neutrophils,4,12259,0.0003262908883269435,0.03262908883269435,0.6989700043360189,Neutrophil-like
m26-007,Sucrose,POMC,Kidney,Macrophages,2026,12259,0.16526633493759688,16.526633493759686,3.3068537486930087,Macrophage-like
m26-007,Sucrose,POMC,Kidney,Muscle Cell,35,12259,0.0028550452728607553,0.28550452728607556,1.5563025007672873,Muscle-like
m26-007,Sucrose,POMC,Kidney,Endothelial Cell,0,12259,0.0,0.0,0.0,Endothelial-like
m26-007,Sucrose,POMC,Kidney,Red blood cell,0,12259,0.0,0.0,0.0,RBC-like
m26-007,Sucrose,POMC,Kidney,Epithelial,8304,12259,0.6773798841667347,67.73798841667346,3.9193396367874134,Epithelial-like
m26-007,Sucrose,POMC,Kidney,Apoptotic Body,1169,12259,0.09535851211354923,9.535851211354924,3.0681858617461617,Apoptotic-like
m26-007,Sucrose,POMC,Kidney,Mitotic Figures,0,12259,0.0,0.0,0.0,Mitotic-like
m26-007,Sucrose,POMC,Kidney,Minor Stromal Cell,0,12259,0.0,0.0,0.0,Minor stromal-like
m26-007,Sucrose,POMC,Spleen,Lymphocytes,2627,35853,0.07327141382868937,7.327141382868938,3.419625360887743,Lymphocyte-like
m26-007,Sucrose,POMC,Spleen,Fibroblasts,27973,35853,0.7802136501826904,78.02136501826904,4.446754570544649,Fibroblast-like
m26-007,Sucrose,POMC,Spleen,Plasmocytes,4,35853,0.0001115666750341673,0.01115666750341673,0.6989700043360189,Plasmocyte-like
m26-007,Sucrose,POMC,Spleen,Eosinophils,0,35853,0.0,0.0,0.0,Eosinophil-like
m26-007,Sucrose,POMC,Spleen,Neutrophils,15,35853,0.00041837503137812733,0.04183750313781273,1.2041199826559248,Neutrophil-like
m26-007,Sucrose,POMC,Spleen,Macrophages,4728,35853,0.13187180989038574,13.187180989038575,3.674769314015426,Macrophage-like
m26-007,Sucrose,POMC,Spleen,Muscle Cell,89,35853,0.002482358519510222,0.2482358519510222,1.9542425094393248,Muscle-like
m26-007,Sucrose,POMC,Spleen,Endothelial Cell,27,35853,0.0007530750564806293,0.07530750564806293,1.4471580313422192,Endothelial-like
m26-007,Sucrose,POMC,Spleen,Red blood cell,0,35853,0.0,0.0,0.0,RBC-like
m26-007,Sucrose,POMC,Spleen,Epithelial,328,35853,0.009148467352801719,0.9148467352801719,2.5171958979499744,Epithelial-like
m26-007,Sucrose,POMC,Spleen,Apoptotic Body,62,35853,0.001729283463029593,0.1729283463029593,1.7993405494535817,Apoptotic-like
m26-007,Sucrose,POMC,Spleen,Mitotic Figures,0,35853,0.0,0.0,0.0,Mitotic-like
m26-007,Sucrose,POMC,Spleen,Minor Stromal Cell,0,35853,0.0,0.0,0.0,Minor stromal-like
m26-008,Allulose,POMC,Liver,Lymphocytes,48,4310,0.011136890951276101,1.1136890951276102,1.6901960800285136,Lymphocyte-like
m26-008,Allulose,POMC,Liver,Fibroblasts,305,4310,0.07076566125290024,7.076566125290023,2.48572142648158,Fibroblast-like
m26-008,Allulose,POMC,Liver,Plasmocytes,0,4310,0.0,0.0,0.0,Plasmocyte-like
m26-008,Allulose,POMC,Liver,Eosinophils,0,4310,0.0,0.0,0.0,Eosinophil-like
m26-008,Allulose,POMC,Liver,Neutrophils,15,4310,0.0034802784222737818,0.34802784222737815,1.2041199826559248,Neutrophil-like
m26-008,Allulose,POMC,Liver,Macrophages,379,4310,0.08793503480278422,8.793503480278423,2.57978359661681,Macrophage-like
m26-008,Allulose,POMC,Liver,Muscle Cell,19,4310,0.004408352668213457,0.44083526682134566,1.3010299956639813,Muscle-like
m26-008,Allulose,POMC,Liver,Endothelial Cell,0,4310,0.0,0.0,0.0,Endothelial-like
m26-008,Allulose,POMC,Liver,Red blood cell,1,4310,0.0002320185614849188,0.02320185614849188,0.3010299956639812,RBC-like
m26-008,Allulose,POMC,Liver,Epithelial,929,4310,0.21554524361948957,21.554524361948957,2.9684829485539352,Epithelial-like
m26-008,Allulose,POMC,Liver,Apoptotic Body,2614,4310,0.6064965197215777,60.64965197215777,3.417471693203293,Apoptotic-like
m26-008,Allulose,POMC,Liver,Mitotic Figures,0,4310,0.0,0.0,0.0,Mitotic-like
m26-008,Allulose,POMC,Liver,Minor Stromal Cell,0,4310,0.0,0.0,0.0,Minor stromal-like
m26-008,Allulose,POMC,Kidney,Lymphocytes,20,10322,0.001937608990505716,0.1937608990505716,1.3222192947339193,Lymphocyte-like
m26-008,Allulose,POMC,Kidney,Fibroblasts,1066,10322,0.10327455919395466,10.327455919395465,3.0281644194244697,Fibroblast-like
m26-008,Allulose,POMC,Kidney,Plasmocytes,0,10322,0.0,0.0,0.0,Plasmocyte-like
m26-008,Allulose,POMC,Kidney,Eosinophils,0,10322,0.0,0.0,0.0,Eosinophil-like
m26-008,Allulose,POMC,Kidney,Neutrophils,2,10322,0.00019376089905057158,0.019376089905057157,0.47712125471966244,Neutrophil-like
m26-008,Allulose,POMC,Kidney,Macrophages,2359,10322,0.2285409804301492,22.85409804301492,3.3729120029701067,Macrophage-like
m26-008,Allulose,POMC,Kidney,Muscle Cell,22,10322,0.0021313698895562877,0.21313698895562877,1.3617278360175928,Muscle-like
m26-008,Allulose,POMC,Kidney,Endothelial Cell,1,10322,9.688044952528579e-05,0.009688044952528578,0.3010299956639812,Endothelial-like
m26-008,Allulose,POMC,Kidney,Red blood cell,0,10322,0.0,0.0,0.0,RBC-like
m26-008,Allulose,POMC,Kidney,Epithelial,5806,10322,0.5624878899438094,56.24878899438094,3.763951826033324,Epithelial-like
m26-008,Allulose,POMC,Kidney,Apoptotic Body,1046,10322,0.10133695020344895,10.133695020344895,3.0199466816788423,Apoptotic-like
m26-008,Allulose,POMC,Kidney,Mitotic Figures,0,10322,0.0,0.0,0.0,Mitotic-like
m26-008,Allulose,POMC,Kidney,Minor Stromal Cell,0,10322,0.0,0.0,0.0,Minor stromal-like
m26-008,Allulose,POMC,Spleen,Lymphocytes,1446,22304,0.06483142037302726,6.483142037302726,3.1604685311190375,Lymphocyte-like
m26-008,Allulose,POMC,Spleen,Fibroblasts,15321,22304,0.6869171449067432,68.69171449067431,4.1853154580036565,Fibroblast-like
m26-008,Allulose,POMC,Spleen,Plasmocytes,1,22304,4.483500717360115e-05,0.004483500717360115,0.3010299956639812,Plasmocyte-like
m26-008,Allulose,POMC,Spleen,Eosinophils,0,22304,0.0,0.0,0.0,Eosinophil-like
m26-008,Allulose,POMC,Spleen,Neutrophils,6,22304,0.0002690100430416069,0.02690100430416069,0.8450980400142568,Neutrophil-like
m26-008,Allulose,POMC,Spleen,Macrophages,4703,22304,0.21085903873744619,21.08590387374462,3.6724673130680823,Macrophage-like
m26-008,Allulose,POMC,Spleen,Muscle Cell,43,22304,0.0019279053084648493,0.19279053084648493,1.6434526764861874,Muscle-like
m26-008,Allulose,POMC,Spleen,Endothelial Cell,78,22304,0.0034971305595408895,0.34971305595408897,1.8976270912904414,Endothelial-like
m26-008,Allulose,POMC,Spleen,Red blood cell,0,22304,0.0,0.0,0.0,RBC-like
m26-008,Allulose,POMC,Spleen,Epithelial,603,22304,0.02703550932568149,2.7035509325681493,2.7810369386211318,Epithelial-like
m26-008,Allulose,POMC,Spleen,Apoptotic Body,103,22304,0.004618005738880918,0.4618005738880918,2.0170333392987803,Apoptotic-like
m26-008,Allulose,POMC,Spleen,Mitotic Figures,0,22304,0.0,0.0,0.0,Mitotic-like
m26-008,Allulose,POMC,Spleen,Minor Stromal Cell,0,22304,0.0,0.0,0.0,Minor stromal-like
m26-009,Allulose,POMC,Liver,Lymphocytes,57,4015,0.014196762141967622,1.4196762141967623,1.7634279935629373,Lymphocyte-like
m26-009,Allulose,POMC,Liver,Fibroblasts,239,4015,0.05952677459526775,5.952677459526775,2.380211241711606,Fibroblast-like
m26-009,Allulose,POMC,Liver,Plasmocytes,0,4015,0.0,0.0,0.0,Plasmocyte-like
m26-009,Allulose,POMC,Liver,Eosinophils,0,4015,0.0,0.0,0.0,Eosinophil-like
m26-009,Allulose,POMC,Liver,Neutrophils,18,4015,0.00448318804483188,0.44831880448318806,1.2787536009528289,Neutrophil-like
m26-009,Allulose,POMC,Liver,Macrophages,272,4015,0.06774595267745953,6.774595267745953,2.436162647040756,Macrophage-like
m26-009,Allulose,POMC,Liver,Muscle Cell,29,4015,0.007222914072229141,0.7222914072229141,1.4771212547196624,Muscle-like
m26-009,Allulose,POMC,Liver,Endothelial Cell,0,4015,0.0,0.0,0.0,Endothelial-like
m26-009,Allulose,POMC,Liver,Red blood cell,0,4015,0.0,0.0,0.0,RBC-like
m26-009,Allulose,POMC,Liver,Epithelial,791,4015,0.19701120797011207,19.701120797011207,2.8987251815894934,Epithelial-like
m26-009,Allulose,POMC,Liver,Apoptotic Body,2609,4015,0.649813200498132,64.98132004981319,3.416640507338281,Apoptotic-like
m26-009,Allulose,POMC,Liver,Mitotic Figures,0,4015,0.0,0.0,0.0,Mitotic-like
m26-009,Allulose,POMC,Liver,Minor Stromal Cell,0,4015,0.0,0.0,0.0,Minor stromal-like
m26-009,Allulose,POMC,Kidney,Lymphocytes,46,6853,0.006712388734860645,0.6712388734860645,1.6720978579357175,Lymphocyte-like
m26-009,Allulose,POMC,Kidney,Fibroblasts,224,6853,0.03268641470888662,3.268641470888662,2.3521825181113627,Fibroblast-like
m26-009,Allulose,POMC,Kidney,Plasmocytes,2,6853,0.00029184298847220193,0.029184298847220194,0.47712125471966244,Plasmocyte-like
m26-009,Allulose,POMC,Kidney,Eosinophils,0,6853,0.0,0.0,0.0,Eosinophil-like
m26-009,Allulose,POMC,Kidney,Neutrophils,24,6853,0.0035021158616664236,0.3502115861666424,1.3979400086720377,Neutrophil-like
m26-009,Allulose,POMC,Kidney,Macrophages,323,6853,0.04713264263826061,4.713264263826061,2.510545010206612,Macrophage-like
m26-009,Allulose,POMC,Kidney,Muscle Cell,12,6853,0.0017510579308332118,0.1751057930833212,1.1139433523068367,Muscle-like
m26-009,Allulose,POMC,Kidney,Endothelial Cell,0,6853,0.0,0.0,0.0,Endothelial-like
m26-009,Allulose,POMC,Kidney,Red blood cell,0,6853,0.0,0.0,0.0,RBC-like
m26-009,Allulose,POMC,Kidney,Epithelial,3404,6853,0.4967167663796877,49.67167663796877,3.532117116248804,Epithelial-like
m26-009,Allulose,POMC,Kidney,Apoptotic Body,2818,6853,0.41120677075733253,41.120677075733255,3.4500950758716025,Apoptotic-like
m26-009,Allulose,POMC,Kidney,Mitotic Figures,0,6853,0.0,0.0,0.0,Mitotic-like
m26-009,Allulose,POMC,Kidney,Minor Stromal Cell,0,6853,0.0,0.0,0.0,Minor stromal-like
m26-009,Allulose,POMC,Spleen,Lymphocytes,1125,15465,0.07274490785645005,7.274490785645005,3.0515383905153275,Lymphocyte-like
m26-009,Allulose,POMC,Spleen,Fibroblasts,7486,15465,0.4840607824118978,48.40607824118978,3.874307833128039,Fibroblast-like
m26-009,Allulose,POMC,Spleen,Plasmocytes,5,15465,0.00032331070158422246,0.032331070158422244,0.7781512503836436,Plasmocyte-like
m26-009,Allulose,POMC,Spleen,Eosinophils,0,15465,0.0,0.0,0.0,Eosinophil-like
m26-009,Allulose,POMC,Spleen,Neutrophils,35,15465,0.0022631749110895573,0.22631749110895572,1.5563025007672873,Neutrophil-like
m26-009,Allulose,POMC,Spleen,Macrophages,1665,15465,0.10766246362754607,10.766246362754607,3.2216749970707688,Macrophage-like
m26-009,Allulose,POMC,Spleen,Muscle Cell,67,15465,0.00433236340122858,0.43323634012285805,1.8325089127062364,Muscle-like
m26-009,Allulose,POMC,Spleen,Endothelial Cell,19,15465,0.0012285806660200453,0.12285806660200453,1.3010299956639813,Endothelial-like
m26-009,Allulose,POMC,Spleen,Red blood cell,1,15465,6.466214031684449e-05,0.006466214031684449,0.3010299956639812,RBC-like
m26-009,Allulose,POMC,Spleen,Epithelial,4698,15465,0.3037827352085354,30.37827352085354,3.672005445022952,Epithelial-like
m26-009,Allulose,POMC,Spleen,Apoptotic Body,364,15465,0.023537019075331393,2.3537019075331393,2.5622928644564746,Apoptotic-like
m26-009,Allulose,POMC,Spleen,Mitotic Figures,0,15465,0.0,0.0,0.0,Mitotic-like
m26-009,Allulose,POMC,Spleen,Minor Stromal Cell,0,15465,0.0,0.0,0.0,Minor stromal-like
m26-010,Allulose,POMC,Liver,Lymphocytes,158,6874,0.02298516147803317,2.298516147803317,2.2013971243204513,Lymphocyte-like
m26-010,Allulose,POMC,Liver,Fibroblasts,240,6874,0.03491416933372127,3.4914169333721268,2.3820170425748683,Fibroblast-like
m26-010,Allulose,POMC,Liver,Plasmocytes,3,6874,0.00043642711667151585,0.043642711667151585,0.6020599913279624,Plasmocyte-like
m26-010,Allulose,POMC,Liver,Eosinophils,0,6874,0.0,0.0,0.0,Eosinophil-like
m26-010,Allulose,POMC,Liver,Neutrophils,17,6874,0.002473086994471923,0.2473086994471923,1.255272505103306,Neutrophil-like
m26-010,Allulose,POMC,Liver,Macrophages,611,6874,0.08888565609543206,8.888565609543205,2.7867514221455614,Macrophage-like
m26-010,Allulose,POMC,Liver,Muscle Cell,66,6874,0.009601396566773349,0.9601396566773348,1.8260748027008264,Muscle-like
m26-010,Allulose,POMC,Liver,Endothelial Cell,0,6874,0.0,0.0,0.0,Endothelial-like
m26-010,Allulose,POMC,Liver,Red blood cell,1,6874,0.00014547570555717196,0.014547570555717195,0.3010299956639812,RBC-like
m26-010,Allulose,POMC,Liver,Epithelial,4628,6874,0.6732615653185918,67.32615653185918,3.6654871807828107,Epithelial-like
m26-010,Allulose,POMC,Liver,Apoptotic Body,1150,6874,0.16729706139074774,16.729706139074775,3.0610753236297916,Apoptotic-like
m26-010,Allulose,POMC,Liver,Mitotic Figures,0,6874,0.0,0.0,0.0,Mitotic-like
m26-010,Allulose,POMC,Liver,Minor Stromal Cell,0,6874,0.0,0.0,0.0,Minor stromal-like
m26-010,Allulose,POMC,Kidney,Lymphocytes,11,13246,0.0008304393779254114,0.08304393779254114,1.0791812460476249,Lymphocyte-like
m26-010,Allulose,POMC,Kidney,Fibroblasts,406,13246,0.030650762494337912,3.0650762494337913,2.60959440922522,Fibroblast-like
m26-010,Allulose,POMC,Kidney,Plasmocytes,0,13246,0.0,0.0,0.0,Plasmocyte-like
m26-010,Allulose,POMC,Kidney,Eosinophils,0,13246,0.0,0.0,0.0,Eosinophil-like
m26-010,Allulose,POMC,Kidney,Neutrophils,17,13246,0.0012834063113392722,0.1283406311339272,1.255272505103306,Neutrophil-like
m26-010,Allulose,POMC,Kidney,Macrophages,504,13246,0.0380492224067643,3.8049222406764303,2.7032913781186614,Macrophage-like
m26-010,Allulose,POMC,Kidney,Muscle Cell,26,13246,0.0019628567114600634,0.19628567114600634,1.4313637641589874,Muscle-like
m26-010,Allulose,POMC,Kidney,Endothelial Cell,1,13246,7.549448890231014e-05,0.007549448890231013,0.3010299956639812,Endothelial-like
m26-010,Allulose,POMC,Kidney,Red blood cell,0,13246,0.0,0.0,0.0,RBC-like
m26-010,Allulose,POMC,Kidney,Epithelial,11860,13246,0.8953646383813981,89.53646383813981,4.0741213059062975,Epithelial-like
m26-010,Allulose,POMC,Kidney,Apoptotic Body,421,13246,0.031783179827872564,3.1783179827872563,2.625312450961674,Apoptotic-like
m26-010,Allulose,POMC,Kidney,Mitotic Figures,0,13246,0.0,0.0,0.0,Mitotic-like
m26-010,Allulose,POMC,Kidney,Minor Stromal Cell,0,13246,0.0,0.0,0.0,Minor stromal-like
m26-010,Allulose,POMC,Spleen,Lymphocytes,2432,37811,0.0643199069053979,6.431990690539791,3.3861421089308186,Lymphocyte-like
m26-010,Allulose,POMC,Spleen,Fibroblasts,30430,37811,0.8047922562217344,80.47922562217344,4.483316224042232,Fibroblast-like
m26-010,Allulose,POMC,Spleen,Plasmocytes,0,37811,0.0,0.0,0.0,Plasmocyte-like
m26-010,Allulose,POMC,Spleen,Eosinophils,0,37811,0.0,0.0,0.0,Eosinophil-like
m26-010,Allulose,POMC,Spleen,Neutrophils,2,37811,5.2894660284044324e-05,0.005289466028404432,0.47712125471966244,Neutrophil-like
m26-010,Allulose,POMC,Spleen,Macrophages,4553,37811,0.1204146941366269,12.041469413662691,3.658393026279124,Macrophage-like
m26-010,Allulose,POMC,Spleen,Muscle Cell,127,37811,0.0033588109280368148,0.3358810928036815,2.1072099696478683,Muscle-like
m26-010,Allulose,POMC,Spleen,Endothelial Cell,31,37811,0.0008198672344026871,0.08198672344026871,1.505149978319906,Endothelial-like
m26-010,Allulose,POMC,Spleen,Red blood cell,0,37811,0.0,0.0,0.0,RBC-like
m26-010,Allulose,POMC,Spleen,Epithelial,208,37811,0.00550104466954061,0.550104466954061,2.320146286111054,Epithelial-like
m26-010,Allulose,POMC,Spleen,Apoptotic Body,28,37811,0.0007405252439766206,0.07405252439766206,1.462397997898956,Apoptotic-like
m26-010,Allulose,POMC,Spleen,Mitotic Figures,0,37811,0.0,0.0,0.0,Mitotic-like
m26-010,Allulose,POMC,Spleen,Minor Stromal Cell,0,37811,0.0,0.0,0.0,Minor stromal-like
m26-011,Allulose,POMC,Liver,Lymphocytes,196,6671,0.02938090241343127,2.9380902413431267,2.294466226161593,Lymphocyte-like
m26-011,Allulose,POMC,Liver,Fibroblasts,321,6671,0.048118722830160394,4.811872283016039,2.507855871695831,Fibroblast-like
m26-011,Allulose,POMC,Liver,Plasmocytes,0,6671,0.0,0.0,0.0,Plasmocyte-like
m26-011,Allulose,POMC,Liver,Eosinophils,0,6671,0.0,0.0,0.0,Eosinophil-like
m26-011,Allulose,POMC,Liver,Neutrophils,10,6671,0.00149902563333833,0.149902563333833,1.041392685158225,Neutrophil-like
m26-011,Allulose,POMC,Liver,Macrophages,220,6671,0.03297856393344326,3.2978563933443263,2.3443922736851106,Macrophage-like
m26-011,Allulose,POMC,Liver,Muscle Cell,180,6671,0.026982461400089943,2.6982461400089943,2.2576785748691846,Muscle-like
m26-011,Allulose,POMC,Liver,Endothelial Cell,0,6671,0.0,0.0,0.0,Endothelial-like
m26-011,Allulose,POMC,Liver,Red blood cell,0,6671,0.0,0.0,0.0,RBC-like
m26-011,Allulose,POMC,Liver,Epithelial,4943,6671,0.7409683705591366,74.09683705591365,3.6940784620807596,Epithelial-like
m26-011,Allulose,POMC,Liver,Apoptotic Body,801,6671,0.12007195323040024,12.007195323040024,2.9041743682841634,Apoptotic-like
m26-011,Allulose,POMC,Liver,Mitotic Figures,0,6671,0.0,0.0,0.0,Mitotic-like
m26-011,Allulose,POMC,Liver,Minor Stromal Cell,0,6671,0.0,0.0,0.0,Minor stromal-like
m26-011,Allulose,POMC,Kidney,Lymphocytes,16,11277,0.0014188170612751618,0.1418817061275162,1.2304489213782739,Lymphocyte-like
m26-011,Allulose,POMC,Kidney,Fibroblasts,1238,11277,0.10978097011616565,10.978097011616565,3.0930713063760633,Fibroblast-like
m26-011,Allulose,POMC,Kidney,Plasmocytes,2,11277,0.00017735213265939522,0.017735213265939524,0.47712125471966244,Plasmocyte-like
m26-011,Allulose,POMC,Kidney,Eosinophils,0,11277,0.0,0.0,0.0,Eosinophil-like
m26-011,Allulose,POMC,Kidney,Neutrophils,1,11277,8.867606632969761e-05,0.008867606632969762,0.3010299956639812,Neutrophil-like
m26-011,Allulose,POMC,Kidney,Macrophages,614,11277,0.05444710472643433,5.444710472643433,2.788875115775417,Macrophage-like
m26-011,Allulose,POMC,Kidney,Muscle Cell,57,11277,0.005054535780792764,0.5054535780792765,1.7634279935629373,Muscle-like
m26-011,Allulose,POMC,Kidney,Endothelial Cell,0,11277,0.0,0.0,0.0,Endothelial-like
m26-011,Allulose,POMC,Kidney,Red blood cell,0,11277,0.0,0.0,0.0,RBC-like
m26-011,Allulose,POMC,Kidney,Epithelial,8774,11277,0.7780438059767669,77.8043805976767,3.943247125137862,Epithelial-like
m26-011,Allulose,POMC,Kidney,Apoptotic Body,575,11277,0.05098873813957613,5.098873813957613,2.760422483423212,Apoptotic-like
m26-011,Allulose,POMC,Kidney,Mitotic Figures,0,11277,0.0,0.0,0.0,Mitotic-like
m26-011,Allulose,POMC,Kidney,Minor Stromal Cell,0,11277,0.0,0.0,0.0,Minor stromal-like
m26-011,Allulose,POMC,Spleen,Lymphocytes,1210,24953,0.04849116338716788,4.8491163387167875,3.0831441431430524,Lymphocyte-like
m26-011,Allulose,POMC,Spleen,Fibroblasts,18124,24953,0.7263254919248187,72.63254919248186,4.2582780152430315,Fibroblast-like
m26-011,Allulose,POMC,Spleen,Plasmocytes,5,24953,0.0002003767082114375,0.02003767082114375,0.7781512503836436,Plasmocyte-like
m26-011,Allulose,POMC,Spleen,Eosinophils,0,24953,0.0,0.0,0.0,Eosinophil-like
m26-011,Allulose,POMC,Spleen,Neutrophils,185,24953,0.007413938203823188,0.7413938203823187,2.2695129442179165,Neutrophil-like
m26-011,Allulose,POMC,Spleen,Macrophages,4379,24953,0.17548992105157696,17.548992105157694,3.6414741105040997,Macrophage-like
m26-011,Allulose,POMC,Spleen,Muscle Cell,65,24953,0.0026048972067486877,0.26048972067486875,1.8195439355418688,Muscle-like
m26-011,Allulose,POMC,Spleen,Endothelial Cell,35,24953,0.0014026369574800625,0.14026369574800626,1.5563025007672873,Endothelial-like
m26-011,Allulose,POMC,Spleen,Red blood cell,0,24953,0.0,0.0,0.0,RBC-like
m26-011,Allulose,POMC,Spleen,Epithelial,633,24953,0.025367691259567986,2.536769125956799,2.8020892578817325,Epithelial-like
m26-011,Allulose,POMC,Spleen,Apoptotic Body,317,24953,0.012703883300605137,1.2703883300605137,2.5024271199844326,Apoptotic-like
m26-011,Allulose,POMC,Spleen,Mitotic Figures,0,24953,0.0,0.0,0.0,Mitotic-like
m26-011,Allulose,POMC,Spleen,Minor Stromal Cell,0,24953,0.0,0.0,0.0,Minor stromal-like
m26-012,Allulose,NPY,Liver,Lymphocytes,35,6976,0.005017201834862386,0.5017201834862386,1.5563025007672873,Lymphocyte-like
m26-012,Allulose,NPY,Liver,Fibroblasts,125,6976,0.017918577981651376,1.7918577981651376,2.100370545117563,Fibroblast-like
m26-012,Allulose,NPY,Liver,Plasmocytes,3,6976,0.00043004587155963305,0.04300458715596331,0.6020599913279624,Plasmocyte-like
m26-012,Allulose,NPY,Liver,Eosinophils,0,6976,0.0,0.0,0.0,Eosinophil-like
m26-012,Allulose,NPY,Liver,Neutrophils,42,6976,0.006020642201834863,0.6020642201834863,1.6334684555795866,Neutrophil-like
m26-012,Allulose,NPY,Liver,Macrophages,338,6976,0.04845183486238532,4.845183486238533,2.530199698203082,Macrophage-like
m26-012,Allulose,NPY,Liver,Muscle Cell,4,6976,0.0005733944954128441,0.05733944954128441,0.6989700043360189,Muscle-like
m26-012,Allulose,NPY,Liver,Endothelial Cell,0,6976,0.0,0.0,0.0,Endothelial-like
m26-012,Allulose,NPY,Liver,Red blood cell,0,6976,0.0,0.0,0.0,RBC-like
m26-012,Allulose,NPY,Liver,Epithelial,3825,6976,0.5483084862385321,54.830848623853214,3.582744965691277,Epithelial-like
m26-012,Allulose,NPY,Liver,Apoptotic Body,2604,6976,0.37327981651376146,37.32798165137615,3.4158077276355434,Apoptotic-like
m26-012,Allulose,NPY,Liver,Mitotic Figures,0,6976,0.0,0.0,0.0,Mitotic-like
m26-012,Allulose,NPY,Liver,Minor Stromal Cell,0,6976,0.0,0.0,0.0,Minor stromal-like
m26-012,Allulose,NPY,Kidney,Lymphocytes,18,11690,0.0015397775876817793,0.15397775876817793,1.2787536009528289,Lymphocyte-like
m26-012,Allulose,NPY,Kidney,Fibroblasts,588,11690,0.05029940119760479,5.029940119760479,2.7701152947871015,Fibroblast-like
m26-012,Allulose,NPY,Kidney,Plasmocytes,0,11690,0.0,0.0,0.0,Plasmocyte-like
m26-012,Allulose,NPY,Kidney,Eosinophils,0,11690,0.0,0.0,0.0,Eosinophil-like
m26-012,Allulose,NPY,Kidney,Neutrophils,1,11690,8.554319931565441e-05,0.00855431993156544,0.3010299956639812,Neutrophil-like
m26-012,Allulose,NPY,Kidney,Macrophages,1194,11690,0.10213857998289136,10.213857998289136,3.0773679052841567,Macrophage-like
m26-012,Allulose,NPY,Kidney,Muscle Cell,30,11690,0.0025662959794696323,0.2566295979469632,1.4913616938342726,Muscle-like
m26-012,Allulose,NPY,Kidney,Endothelial Cell,0,11690,0.0,0.0,0.0,Endothelial-like
m26-012,Allulose,NPY,Kidney,Red blood cell,0,11690,0.0,0.0,0.0,RBC-like
m26-012,Allulose,NPY,Kidney,Epithelial,9519,11690,0.8142857142857143,81.42857142857143,3.9786369483844743,Epithelial-like
m26-012,Allulose,NPY,Kidney,Apoptotic Body,340,11690,0.0290846877673225,2.9084687767322497,2.5327543789924976,Apoptotic-like
m26-012,Allulose,NPY,Kidney,Mitotic Figures,0,11690,0.0,0.0,0.0,Mitotic-like
m26-012,Allulose,NPY,Kidney,Minor Stromal Cell,0,11690,0.0,0.0,0.0,Minor stromal-like
m26-012,Allulose,NPY,Spleen,Lymphocytes,1716,29298,0.05857055089084579,5.85705508908458,3.2347702951609163,Lymphocyte-like
m26-012,Allulose,NPY,Spleen,Fibroblasts,23322,29298,0.7960270325619496,79.60270325619496,4.3677844122811535,Fibroblast-like
m26-012,Allulose,NPY,Spleen,Plasmocytes,6,29298,0.00020479213598197828,0.020479213598197828,0.8450980400142568,Plasmocyte-like
m26-012,Allulose,NPY,Spleen,Eosinophils,0,29298,0.0,0.0,0.0,Eosinophil-like
m26-012,Allulose,NPY,Spleen,Neutrophils,26,29298,0.0008874325892552393,0.08874325892552393,1.4313637641589874,Neutrophil-like
m26-012,Allulose,NPY,Spleen,Macrophages,3416,29298,0.11659498941907298,11.659498941907298,3.5336449787987627,Macrophage-like
m26-012,Allulose,NPY,Spleen,Muscle Cell,40,29298,0.0013652809065465218,0.13652809065465218,1.6127838567197355,Muscle-like
m26-012,Allulose,NPY,Spleen,Endothelial Cell,43,29298,0.001467676974537511,0.1467676974537511,1.6434526764861874,Endothelial-like
m26-012,Allulose,NPY,Spleen,Red blood cell,0,29298,0.0,0.0,0.0,RBC-like
m26-012,Allulose,NPY,Spleen,Epithelial,646,29298,0.02204928664072633,2.204928664072633,2.8109042806687006,Epithelial-like
m26-012,Allulose,NPY,Spleen,Apoptotic Body,83,29298,0.002832957881084033,0.28329578810840333,1.9242792860618816,Apoptotic-like
m26-012,Allulose,NPY,Spleen,Mitotic Figures,0,29298,0.0,0.0,0.0,Mitotic-like
m26-012,Allulose,NPY,Spleen,Minor Stromal Cell,0,29298,0.0,0.0,0.0,Minor stromal-like
m26-013,Allulose,POMC,Liver,Lymphocytes,47,7112,0.006608548931383577,0.6608548931383577,1.6812412373755872,Lymphocyte-like
m26-013,Allulose,POMC,Liver,Fibroblasts,539,7112,0.07578740157480315,7.578740157480316,2.7323937598229686,Fibroblast-like
m26-013,Allulose,POMC,Liver,Plasmocytes,0,7112,0.0,0.0,0.0,Plasmocyte-like
m26-013,Allulose,POMC,Liver,Eosinophils,0,7112,0.0,0.0,0.0,Eosinophil-like
m26-013,Allulose,POMC,Liver,Neutrophils,26,7112,0.003655793025871766,0.36557930258717664,1.4313637641589874,Neutrophil-like
m26-013,Allulose,POMC,Liver,Macrophages,1247,7112,0.17533745781777277,17.533745781777277,3.0962145853464054,Macrophage-like
m26-013,Allulose,POMC,Liver,Muscle Cell,24,7112,0.003374578177727784,0.3374578177727784,1.3979400086720377,Muscle-like
m26-013,Allulose,POMC,Liver,Endothelial Cell,0,7112,0.0,0.0,0.0,Endothelial-like
m26-013,Allulose,POMC,Liver,Red blood cell,0,7112,0.0,0.0,0.0,RBC-like
m26-013,Allulose,POMC,Liver,Epithelial,3571,7112,0.5021091113610798,50.21091113610798,3.552911450216509,Epithelial-like
m26-013,Allulose,POMC,Liver,Apoptotic Body,1658,7112,0.23312710911136109,23.312710911136108,3.2198463860243605,Apoptotic-like
m26-013,Allulose,POMC,Liver,Mitotic Figures,0,7112,0.0,0.0,0.0,Mitotic-like
m26-013,Allulose,POMC,Liver,Minor Stromal Cell,0,7112,0.0,0.0,0.0,Minor stromal-like
m26-013,Allulose,POMC,Kidney,Lymphocytes,12,12768,0.0009398496240601503,0.09398496240601503,1.1139433523068367,Lymphocyte-like
m26-013,Allulose,POMC,Kidney,Fibroblasts,456,12768,0.03571428571428571,3.571428571428571,2.6599162000698504,Fibroblast-like
m26-013,Allulose,POMC,Kidney,Plasmocytes,0,12768,0.0,0.0,0.0,Plasmocyte-like
m26-013,Allulose,POMC,Kidney,Eosinophils,0,12768,0.0,0.0,0.0,Eosinophil-like
m26-013,Allulose,POMC,Kidney,Neutrophils,3,12768,0.00023496240601503758,0.023496240601503758,0.6020599913279624,Neutrophil-like
m26-013,Allulose,POMC,Kidney,Macrophages,1437,12768,0.112546992481203,11.2546992481203,3.1577588860468637,Macrophage-like
m26-013,Allulose,POMC,Kidney,Muscle Cell,53,12768,0.004151002506265664,0.4151002506265664,1.7323937598229686,Muscle-like
m26-013,Allulose,POMC,Kidney,Endothelial Cell,0,12768,0.0,0.0,0.0,Endothelial-like
m26-013,Allulose,POMC,Kidney,Red blood cell,0,12768,0.0,0.0,0.0,RBC-like
m26-013,Allulose,POMC,Kidney,Epithelial,10187,12768,0.7978540100250626,79.78540100250626,4.0080889362915775,Epithelial-like
m26-013,Allulose,POMC,Kidney,Apoptotic Body,620,12768,0.04855889724310777,4.855889724310777,2.79309160017658,Apoptotic-like
m26-013,Allulose,POMC,Kidney,Mitotic Figures,0,12768,0.0,0.0,0.0,Mitotic-like
m26-013,Allulose,POMC,Kidney,Minor Stromal Cell,0,12768,0.0,0.0,0.0,Minor stromal-like
m26-013,Allulose,POMC,Spleen,Lymphocytes,6009,31816,0.18886723661051044,18.886723661051043,3.7788744720027396,Lymphocyte-like
m26-013,Allulose,POMC,Spleen,Fibroblasts,18034,31816,0.5668217249182801,56.68217249182801,4.2561161466543815,Fibroblast-like
m26-013,Allulose,POMC,Spleen,Plasmocytes,160,31816,0.005028916268544128,0.5028916268544128,2.2068258760318495,Plasmocyte-like
m26-013,Allulose,POMC,Spleen,Eosinophils,0,31816,0.0,0.0,0.0,Eosinophil-like
m26-013,Allulose,POMC,Spleen,Neutrophils,349,31816,0.010969323610761882,1.096932361076188,2.5440680443502757,Neutrophil-like
m26-013,Allulose,POMC,Spleen,Macrophages,5590,31816,0.1756977621322605,17.56977621322605,3.747489492258673,Macrophage-like
m26-013,Allulose,POMC,Spleen,Muscle Cell,22,31816,0.0006914759869248177,0.06914759869248177,1.3617278360175928,Muscle-like
m26-013,Allulose,POMC,Spleen,Endothelial Cell,108,31816,0.003394518481267287,0.3394518481267287,2.037426497940624,Endothelial-like
m26-013,Allulose,POMC,Spleen,Red blood cell,0,31816,0.0,0.0,0.0,RBC-like
m26-013,Allulose,POMC,Spleen,Epithelial,1115,31816,0.035045260246416896,3.5045260246416894,3.04766419460156,Epithelial-like
m26-013,Allulose,POMC,Spleen,Apoptotic Body,429,31816,0.013483781745033944,1.3483781745033945,2.6334684555795866,Apoptotic-like
m26-013,Allulose,POMC,Spleen,Mitotic Figures,0,31816,0.0,0.0,0.0,Mitotic-like
m26-013,Allulose,POMC,Spleen,Minor Stromal Cell,0,31816,0.0,0.0,0.0,Minor stromal-like
m26-014,Allulose,NPY,Liver,Lymphocytes,58,5304,0.010935143288084464,1.0935143288084463,1.7708520116421442,Lymphocyte-like
m26-014,Allulose,NPY,Liver,Fibroblasts,82,5304,0.01546003016591252,1.546003016591252,1.919078092376074,Fibroblast-like
m26-014,Allulose,NPY,Liver,Plasmocytes,2,5304,0.0003770739064856712,0.037707390648567124,0.47712125471966244,Plasmocyte-like
m26-014,Allulose,NPY,Liver,Eosinophils,0,5304,0.0,0.0,0.0,Eosinophil-like
m26-014,Allulose,NPY,Liver,Neutrophils,5,5304,0.000942684766214178,0.0942684766214178,0.7781512503836436,Neutrophil-like
m26-014,Allulose,NPY,Liver,Macrophages,263,5304,0.04958521870286576,4.958521870286576,2.4216039268698313,Macrophage-like
m26-014,Allulose,NPY,Liver,Muscle Cell,19,5304,0.003582202111613876,0.35822021116138764,1.3010299956639813,Muscle-like
m26-014,Allulose,NPY,Liver,Endothelial Cell,0,5304,0.0,0.0,0.0,Endothelial-like
m26-014,Allulose,NPY,Liver,Red blood cell,0,5304,0.0,0.0,0.0,RBC-like
m26-014,Allulose,NPY,Liver,Epithelial,3042,5304,0.5735294117647058,57.35294117647059,3.483301952358167,Epithelial-like
m26-014,Allulose,NPY,Liver,Apoptotic Body,1833,5304,0.34558823529411764,34.55882352941176,3.263399331334002,Apoptotic-like
m26-014,Allulose,NPY,Liver,Mitotic Figures,0,5304,0.0,0.0,0.0,Mitotic-like
m26-014,Allulose,NPY,Liver,Minor Stromal Cell,0,5304,0.0,0.0,0.0,Minor stromal-like
m26-014,Allulose,NPY,Kidney,Lymphocytes,22,9858,0.0022316899979711907,0.22316899979711907,1.3617278360175928,Lymphocyte-like
m26-014,Allulose,NPY,Kidney,Fibroblasts,1545,9858,0.15672550213024955,15.672550213024955,3.189209489582306,Fibroblast-like
m26-014,Allulose,NPY,Kidney,Plasmocytes,0,9858,0.0,0.0,0.0,Plasmocyte-like
m26-014,Allulose,NPY,Kidney,Eosinophils,0,9858,0.0,0.0,0.0,Eosinophil-like
m26-014,Allulose,NPY,Kidney,Neutrophils,2,9858,0.0002028809089064719,0.02028809089064719,0.47712125471966244,Neutrophil-like
m26-014,Allulose,NPY,Kidney,Macrophages,1626,9858,0.16494217894096166,16.494217894096167,3.2113875529368587,Macrophage-like
m26-014,Allulose,NPY,Kidney,Muscle Cell,48,9858,0.004869141813755326,0.48691418137553255,1.6901960800285136,Muscle-like
m26-014,Allulose,NPY,Kidney,Endothelial Cell,59,9858,0.005984986812740921,0.5984986812740921,1.7781512503836436,Endothelial-like
m26-014,Allulose,NPY,Kidney,Red blood cell,0,9858,0.0,0.0,0.0,RBC-like
m26-014,Allulose,NPY,Kidney,Epithelial,6132,9858,0.6220328667072429,62.20328667072429,3.787672964687493,Epithelial-like
m26-014,Allulose,NPY,Kidney,Apoptotic Body,424,9858,0.043010752688172046,4.301075268817205,2.6283889300503116,Apoptotic-like
m26-014,Allulose,NPY,Kidney,Mitotic Figures,0,9858,0.0,0.0,0.0,Mitotic-like
m26-014,Allulose,NPY,Kidney,Minor Stromal Cell,0,9858,0.0,0.0,0.0,Minor stromal-like
m26-014,Allulose,NPY,Spleen,Lymphocytes,5561,36429,0.1526531060418897,15.26531060418897,3.7452309845281406,Lymphocyte-like
m26-014,Allulose,NPY,Spleen,Fibroblasts,24983,36429,0.685799774904609,68.57997749046089,4.397661971222142,Fibroblast-like
m26-014,Allulose,NPY,Spleen,Plasmocytes,63,36429,0.0017293914189244833,0.17293914189244833,1.806179973983887,Plasmocyte-like
m26-014,Allulose,NPY,Spleen,Eosinophils,0,36429,0.0,0.0,0.0,Eosinophil-like
m26-014,Allulose,NPY,Spleen,Neutrophils,64,36429,0.001756842076367729,0.1756842076367729,1.8129133566428555,Neutrophil-like
m26-014,Allulose,NPY,Spleen,Macrophages,5100,36429,0.1399983529605534,13.999835296055341,3.707655323531187,Macrophage-like
m26-014,Allulose,NPY,Spleen,Muscle Cell,29,36429,0.0007960690658541272,0.07960690658541272,1.4771212547196624,Muscle-like
m26-014,Allulose,NPY,Spleen,Endothelial Cell,110,36429,0.003019572318757034,0.3019572318757034,2.0453229787866576,Endothelial-like
m26-014,Allulose,NPY,Spleen,Red blood cell,0,36429,0.0,0.0,0.0,RBC-like
m26-014,Allulose,NPY,Spleen,Epithelial,390,36429,0.010705756402865849,1.070575640286585,2.5921767573958667,Epithelial-like
m26-014,Allulose,NPY,Spleen,Apoptotic Body,129,36429,0.0035411348101787037,0.3541134810178704,2.113943352306837,Apoptotic-like
m26-014,Allulose,NPY,Spleen,Mitotic Figures,0,36429,0.0,0.0,0.0,Mitotic-like
m26-014,Allulose,NPY,Spleen,Minor Stromal Cell,0,36429,0.0,0.0,0.0,Minor stromal-like
m26-015,Water,POMC,Liver,Lymphocytes,2,5446,0.0003672420124862284,0.03672420124862284,0.47712125471966244,Lymphocyte-like
m26-015,Water,POMC,Liver,Fibroblasts,12,5446,0.0022034520749173708,0.22034520749173708,1.1139433523068367,Fibroblast-like
m26-015,Water,POMC,Liver,Plasmocytes,0,5446,0.0,0.0,0.0,Plasmocyte-like
m26-015,Water,POMC,Liver,Eosinophils,0,5446,0.0,0.0,0.0,Eosinophil-like
m26-015,Water,POMC,Liver,Neutrophils,8,5446,0.0014689680499449136,0.14689680499449137,0.9542425094393249,Neutrophil-like
m26-015,Water,POMC,Liver,Macrophages,26,5446,0.004774146162320969,0.4774146162320969,1.4313637641589874,Macrophage-like
m26-015,Water,POMC,Liver,Muscle Cell,0,5446,0.0,0.0,0.0,Muscle-like
m26-015,Water,POMC,Liver,Endothelial Cell,0,5446,0.0,0.0,0.0,Endothelial-like
m26-015,Water,POMC,Liver,Red blood cell,0,5446,0.0,0.0,0.0,RBC-like
m26-015,Water,POMC,Liver,Epithelial,56,5446,0.010282776349614395,1.0282776349614395,1.7558748556724915,Epithelial-like
m26-015,Water,POMC,Liver,Apoptotic Body,5342,5446,0.9809034153507161,98.09034153507162,3.727785174182906,Apoptotic-like
m26-015,Water,POMC,Liver,Mitotic Figures,0,5446,0.0,0.0,0.0,Mitotic-like
m26-015,Water,POMC,Liver,Minor Stromal Cell,0,5446,0.0,0.0,0.0,Minor stromal-like
m26-015,Water,POMC,Kidney,Lymphocytes,8,11092,0.000721240533717995,0.0721240533717995,0.9542425094393249,Lymphocyte-like
m26-015,Water,POMC,Kidney,Fibroblasts,1058,11092,0.09538406058420483,9.538406058420483,3.024895960107485,Fibroblast-like
m26-015,Water,POMC,Kidney,Plasmocytes,0,11092,0.0,0.0,0.0,Plasmocyte-like
m26-015,Water,POMC,Kidney,Eosinophils,0,11092,0.0,0.0,0.0,Eosinophil-like
m26-015,Water,POMC,Kidney,Neutrophils,3,11092,0.00027046520014424813,0.027046520014424813,0.6020599913279624,Neutrophil-like
m26-015,Water,POMC,Kidney,Macrophages,672,11092,0.060584204832311576,6.058420483231157,2.828015064223977,Macrophage-like
m26-015,Water,POMC,Kidney,Muscle Cell,40,11092,0.003606202668589975,0.3606202668589975,1.6127838567197355,Muscle-like
m26-015,Water,POMC,Kidney,Endothelial Cell,1,11092,9.015506671474937e-05,0.009015506671474938,0.3010299956639812,Endothelial-like
m26-015,Water,POMC,Kidney,Red blood cell,0,11092,0.0,0.0,0.0,RBC-like
m26-015,Water,POMC,Kidney,Epithelial,8882,11092,0.8007573025604039,80.07573025604039,3.948559662108962,Epithelial-like
m26-015,Water,POMC,Kidney,Apoptotic Body,428,11092,0.03858636855391273,3.858636855391273,2.632457292184724,Apoptotic-like
m26-015,Water,POMC,Kidney,Mitotic Figures,0,11092,0.0,0.0,0.0,Mitotic-like
m26-015,Water,POMC,Kidney,Minor Stromal Cell,0,11092,0.0,0.0,0.0,Minor stromal-like
m26-015,Water,POMC,Spleen,Lymphocytes,3156,23621,0.13360992337326955,13.360992337326955,3.4992745818922173,Lymphocyte-like
m26-015,Water,POMC,Spleen,Fibroblasts,14125,23621,0.5979848439947504,59.798484399475036,4.150019201915149,Fibroblast-like
m26-015,Water,POMC,Spleen,Plasmocytes,32,23621,0.0013547267262181957,0.13547267262181958,1.5185139398778875,Plasmocyte-like
m26-015,Water,POMC,Spleen,Eosinophils,0,23621,0.0,0.0,0.0,Eosinophil-like
m26-015,Water,POMC,Spleen,Neutrophils,148,23621,0.006265611108759155,0.6265611108759155,2.173186268412274,Neutrophil-like
m26-015,Water,POMC,Spleen,Macrophages,4587,23621,0.19419160916133948,19.419160916133947,3.66162340922923,Macrophage-like
m26-015,Water,POMC,Spleen,Muscle Cell,67,23621,0.002836459083019347,0.2836459083019347,1.8325089127062364,Muscle-like
m26-015,Water,POMC,Spleen,Endothelial Cell,21,23621,0.000889039414080691,0.08890394140806909,1.3424226808222062,Endothelial-like
m26-015,Water,POMC,Spleen,Red blood cell,0,23621,0.0,0.0,0.0,RBC-like
m26-015,Water,POMC,Spleen,Epithelial,1106,23621,0.046822742474916385,4.682274247491638,3.044147620878723,Epithelial-like
m26-015,Water,POMC,Spleen,Apoptotic Body,379,23621,0.016045044663646753,1.6045044663646753,2.57978359661681,Apoptotic-like
m26-015,Water,POMC,Spleen,Mitotic Figures,0,23621,0.0,0.0,0.0,Mitotic-like
m26-015,Water,POMC,Spleen,Minor Stromal Cell,0,23621,0.0,0.0,0.0,Minor stromal-like
m26-016,Water,POMC,Liver,Lymphocytes,5,5399,0.0009260974254491572,0.09260974254491572,0.7781512503836436,Lymphocyte-like
m26-016,Water,POMC,Liver,Fibroblasts,142,5399,0.026301166882756067,2.630116688275607,2.155336037465062,Fibroblast-like
m26-016,Water,POMC,Liver,Plasmocytes,0,5399,0.0,0.0,0.0,Plasmocyte-like
m26-016,Water,POMC,Liver,Eosinophils,0,5399,0.0,0.0,0.0,Eosinophil-like
m26-016,Water,POMC,Liver,Neutrophils,23,5399,0.004260048157066124,0.42600481570661236,1.380211241711606,Neutrophil-like
m26-016,Water,POMC,Liver,Macrophages,26,5399,0.0048157066123356174,0.48157066123356174,1.4313637641589874,Macrophage-like
m26-016,Water,POMC,Liver,Muscle Cell,3,5399,0.0005556584552694943,0.05556584552694943,0.6020599913279624,Muscle-like
m26-016,Water,POMC,Liver,Endothelial Cell,0,5399,0.0,0.0,0.0,Endothelial-like
m26-016,Water,POMC,Liver,Red blood cell,0,5399,0.0,0.0,0.0,RBC-like
m26-016,Water,POMC,Liver,Epithelial,65,5399,0.012039266530839044,1.2039266530839043,1.8195439355418688,Epithelial-like
m26-016,Water,POMC,Liver,Apoptotic Body,5135,5399,0.9511020559362845,95.11020559362845,3.710625015060797,Apoptotic-like
m26-016,Water,POMC,Liver,Mitotic Figures,0,5399,0.0,0.0,0.0,Mitotic-like
m26-016,Water,POMC,Liver,Minor Stromal Cell,0,5399,0.0,0.0,0.0,Minor stromal-like
m26-016,Water,POMC,Kidney,Lymphocytes,13,10125,0.0012839506172839506,0.12839506172839507,1.146128035678238,Lymphocyte-like
m26-016,Water,POMC,Kidney,Fibroblasts,1421,10125,0.14034567901234568,14.034567901234569,3.1528995963937474,Fibroblast-like
m26-016,Water,POMC,Kidney,Plasmocytes,0,10125,0.0,0.0,0.0,Plasmocyte-like
m26-016,Water,POMC,Kidney,Eosinophils,0,10125,0.0,0.0,0.0,Eosinophil-like
m26-016,Water,POMC,Kidney,Neutrophils,2,10125,0.00019753086419753085,0.019753086419753086,0.47712125471966244,Neutrophil-like
m26-016,Water,POMC,Kidney,Macrophages,1100,10125,0.10864197530864197,10.864197530864198,3.041787318971752,Macrophage-like
m26-016,Water,POMC,Kidney,Muscle Cell,67,10125,0.0066172839506172835,0.6617283950617283,1.8325089127062364,Muscle-like
m26-016,Water,POMC,Kidney,Endothelial Cell,13,10125,0.0012839506172839506,0.12839506172839507,1.146128035678238,Endothelial-like
m26-016,Water,POMC,Kidney,Red blood cell,0,10125,0.0,0.0,0.0,RBC-like
m26-016,Water,POMC,Kidney,Epithelial,6689,10125,0.660641975308642,66.0641975308642,3.8254261177678233,Epithelial-like
m26-016,Water,POMC,Kidney,Apoptotic Body,820,10125,0.08098765432098766,8.098765432098766,2.9143431571194407,Apoptotic-like
m26-016,Water,POMC,Kidney,Mitotic Figures,0,10125,0.0,0.0,0.0,Mitotic-like
m26-016,Water,POMC,Kidney,Minor Stromal Cell,0,10125,0.0,0.0,0.0,Minor stromal-like
m26-016,Water,POMC,Spleen,Lymphocytes,1480,18991,0.07793165183507977,7.793165183507977,3.1705550585212086,Lymphocyte-like
m26-016,Water,POMC,Spleen,Fibroblasts,13399,18991,0.7055447317150229,70.55447317150228,4.127104798364807,Fibroblast-like
m26-016,Water,POMC,Spleen,Plasmocytes,20,18991,0.0010531304302037808,0.10531304302037808,1.3222192947339193,Plasmocyte-like
m26-016,Water,POMC,Spleen,Eosinophils,0,18991,0.0,0.0,0.0,Eosinophil-like
m26-016,Water,POMC,Spleen,Neutrophils,128,18991,0.006740034753304197,0.6740034753304197,2.110589710299249,Neutrophil-like
m26-016,Water,POMC,Spleen,Macrophages,2267,18991,0.11937233426359854,11.937233426359855,3.355643050220869,Macrophage-like
m26-016,Water,POMC,Spleen,Muscle Cell,67,18991,0.0035279869411826655,0.35279869411826653,1.8325089127062364,Muscle-like
m26-016,Water,POMC,Spleen,Endothelial Cell,74,18991,0.0038965825917539887,0.38965825917539887,1.8750612633917,Endothelial-like
m26-016,Water,POMC,Spleen,Red blood cell,0,18991,0.0,0.0,0.0,RBC-like
m26-016,Water,POMC,Spleen,Epithelial,1039,18991,0.05471012584908641,5.471012584908641,3.0170333392987803,Epithelial-like
m26-016,Water,POMC,Spleen,Apoptotic Body,517,18991,0.027223421620767733,2.722342162076773,2.714329759745233,Apoptotic-like
m26-016,Water,POMC,Spleen,Mitotic Figures,0,18991,0.0,0.0,0.0,Mitotic-like
m26-016,Water,POMC,Spleen,Minor Stromal Cell,0,18991,0.0,0.0,0.0,Minor stromal-like
m26-017,Water,POMC,Liver,Lymphocytes,2,4247,0.0004709206498704968,0.04709206498704968,0.47712125471966244,Lymphocyte-like
m26-017,Water,POMC,Liver,Fibroblasts,109,4247,0.025665175417942075,2.5665175417942074,2.041392685158225,Fibroblast-like
m26-017,Water,POMC,Liver,Plasmocytes,0,4247,0.0,0.0,0.0,Plasmocyte-like
m26-017,Water,POMC,Liver,Eosinophils,0,4247,0.0,0.0,0.0,Eosinophil-like
m26-017,Water,POMC,Liver,Neutrophils,11,4247,0.0025900635742877325,0.25900635742877326,1.0791812460476249,Neutrophil-like
m26-017,Water,POMC,Liver,Macrophages,20,4247,0.0047092064987049684,0.47092064987049687,1.3222192947339193,Macrophage-like
m26-017,Water,POMC,Liver,Muscle Cell,4,4247,0.0009418412997409936,0.09418412997409936,0.6989700043360189,Muscle-like
m26-017,Water,POMC,Liver,Endothelial Cell,0,4247,0.0,0.0,0.0,Endothelial-like
m26-017,Water,POMC,Liver,Red blood cell,0,4247,0.0,0.0,0.0,RBC-like
m26-017,Water,POMC,Liver,Epithelial,138,4247,0.032493524841064284,3.2493524841064283,2.143014800254095,Epithelial-like
m26-017,Water,POMC,Liver,Apoptotic Body,3963,4247,0.9331292677183894,93.31292677183895,3.598133645813238,Apoptotic-like
m26-017,Water,POMC,Liver,Mitotic Figures,0,4247,0.0,0.0,0.0,Mitotic-like
m26-017,Water,POMC,Liver,Minor Stromal Cell,0,4247,0.0,0.0,0.0,Minor stromal-like
m26-017,Water,POMC,Kidney,Lymphocytes,16,11154,0.0014344629729245114,0.14344629729245115,1.2304489213782739,Lymphocyte-like
m26-017,Water,POMC,Kidney,Fibroblasts,597,11154,0.05352339967724583,5.352339967724583,2.776701183988411,Fibroblast-like
m26-017,Water,POMC,Kidney,Plasmocytes,0,11154,0.0,0.0,0.0,Plasmocyte-like
m26-017,Water,POMC,Kidney,Eosinophils,0,11154,0.0,0.0,0.0,Eosinophil-like
m26-017,Water,POMC,Kidney,Neutrophils,3,11154,0.00026896180742334586,0.026896180742334585,0.6020599913279624,Neutrophil-like
m26-017,Water,POMC,Kidney,Macrophages,1409,11154,0.1263223955531648,12.63223955531648,3.1492191126553797,Macrophage-like
m26-017,Water,POMC,Kidney,Muscle Cell,65,11154,0.005827505827505828,0.5827505827505828,1.8195439355418688,Muscle-like
m26-017,Water,POMC,Kidney,Endothelial Cell,0,11154,0.0,0.0,0.0,Endothelial-like
m26-017,Water,POMC,Kidney,Red blood cell,0,11154,0.0,0.0,0.0,RBC-like
m26-017,Water,POMC,Kidney,Epithelial,8042,11154,0.7209969517661825,72.09969517661825,3.905418068702542,Epithelial-like
m26-017,Water,POMC,Kidney,Apoptotic Body,1022,11154,0.09162632239555317,9.162632239555316,3.00987563371216,Apoptotic-like
m26-017,Water,POMC,Kidney,Mitotic Figures,0,11154,0.0,0.0,0.0,Mitotic-like
m26-017,Water,POMC,Kidney,Minor Stromal Cell,0,11154,0.0,0.0,0.0,Minor stromal-like
m26-017,Water,POMC,Spleen,Lymphocytes,725,10699,0.06776334236844565,6.776334236844566,2.8609366207000937,Lymphocyte-like
m26-017,Water,POMC,Spleen,Fibroblasts,7419,10699,0.6934292924572389,69.3429292457239,3.870403905279027,Fibroblast-like
m26-017,Water,POMC,Spleen,Plasmocytes,2,10699,0.0001869333582577811,0.01869333582577811,0.47712125471966244,Plasmocyte-like
m26-017,Water,POMC,Spleen,Eosinophils,0,10699,0.0,0.0,0.0,Eosinophil-like
m26-017,Water,POMC,Spleen,Neutrophils,16,10699,0.0014954668660622488,0.1495466866062249,1.2304489213782739,Neutrophil-like
m26-017,Water,POMC,Spleen,Macrophages,1817,10699,0.16982895597719413,16.982895597719413,3.2595938788859486,Macrophage-like
m26-017,Water,POMC,Spleen,Muscle Cell,14,10699,0.0013085335078044677,0.13085335078044677,1.1760912590556813,Muscle-like
m26-017,Water,POMC,Spleen,Endothelial Cell,56,10699,0.005234134031217871,0.5234134031217871,1.7558748556724915,Endothelial-like
m26-017,Water,POMC,Spleen,Red blood cell,0,10699,0.0,0.0,0.0,RBC-like
m26-017,Water,POMC,Spleen,Epithelial,524,10699,0.04897653986353865,4.897653986353865,2.720159303405957,Epithelial-like
m26-017,Water,POMC,Spleen,Apoptotic Body,126,10699,0.01177680157024021,1.177680157024021,2.103803720955957,Apoptotic-like
m26-017,Water,POMC,Spleen,Mitotic Figures,0,10699,0.0,0.0,0.0,Mitotic-like
m26-017,Water,POMC,Spleen,Minor Stromal Cell,0,10699,0.0,0.0,0.0,Minor stromal-like
m26-018,Water,POMC,Liver,Lymphocytes,5,4345,0.0011507479861910242,0.11507479861910241,0.7781512503836436,Lymphocyte-like
m26-018,Water,POMC,Liver,Fibroblasts,818,4345,0.18826237054085154,18.826237054085155,2.9132839017604186,Fibroblast-like
m26-018,Water,POMC,Liver,Plasmocytes,0,4345,0.0,0.0,0.0,Plasmocyte-like
m26-018,Water,POMC,Liver,Eosinophils,0,4345,0.0,0.0,0.0,Eosinophil-like
m26-018,Water,POMC,Liver,Neutrophils,32,4345,0.007364787111622554,0.7364787111622554,1.5185139398778875,Neutrophil-like
m26-018,Water,POMC,Liver,Macrophages,41,4345,0.009436133486766397,0.9436133486766397,1.6232492903979006,Macrophage-like
m26-018,Water,POMC,Liver,Muscle Cell,10,4345,0.0023014959723820483,0.23014959723820483,1.041392685158225,Muscle-like
m26-018,Water,POMC,Liver,Endothelial Cell,0,4345,0.0,0.0,0.0,Endothelial-like
m26-018,Water,POMC,Liver,Red blood cell,0,4345,0.0,0.0,0.0,RBC-like
m26-018,Water,POMC,Liver,Epithelial,158,4345,0.03636363636363636,3.6363636363636362,2.2013971243204513,Epithelial-like
m26-018,Water,POMC,Liver,Apoptotic Body,3281,4345,0.75512082853855,75.512082853855,3.5161385767170743,Apoptotic-like
m26-018,Water,POMC,Liver,Mitotic Figures,0,4345,0.0,0.0,0.0,Mitotic-like
m26-018,Water,POMC,Liver,Minor Stromal Cell,0,4345,0.0,0.0,0.0,Minor stromal-like
m26-018,Water,POMC,Kidney,Lymphocytes,9,11682,0.0007704160246533128,0.07704160246533129,1.0,Lymphocyte-like
m26-018,Water,POMC,Kidney,Fibroblasts,2278,11682,0.19500085601780517,19.50008560178052,3.3577443251803754,Fibroblast-like
m26-018,Water,POMC,Kidney,Plasmocytes,1,11682,8.560178051703475e-05,0.008560178051703475,0.3010299956639812,Plasmocyte-like
m26-018,Water,POMC,Kidney,Eosinophils,0,11682,0.0,0.0,0.0,Eosinophil-like
m26-018,Water,POMC,Kidney,Neutrophils,3,11682,0.00025680534155110427,0.025680534155110426,0.6020599913279624,Neutrophil-like
m26-018,Water,POMC,Kidney,Macrophages,1931,11682,0.1652970381783941,16.529703817839412,3.2860071220794747,Macrophage-like
m26-018,Water,POMC,Kidney,Muscle Cell,15,11682,0.0012840267077555213,0.12840267077555212,1.2041199826559248,Muscle-like
m26-018,Water,POMC,Kidney,Endothelial Cell,212,11682,0.01814757746961137,1.814757746961137,2.3283796034387376,Endothelial-like
m26-018,Water,POMC,Kidney,Red blood cell,26,11682,0.0022256462934429036,0.22256462934429036,1.4313637641589874,RBC-like
m26-018,Water,POMC,Kidney,Epithelial,7093,11682,0.6071734292073275,60.717342920732754,3.850891184135924,Epithelial-like
m26-018,Water,POMC,Kidney,Apoptotic Body,114,11682,0.009758602978941962,0.9758602978941963,2.060697840353612,Apoptotic-like
m26-018,Water,POMC,Kidney,Mitotic Figures,0,11682,0.0,0.0,0.0,Mitotic-like
m26-018,Water,POMC,Kidney,Minor Stromal Cell,0,11682,0.0,0.0,0.0,Minor stromal-like
m26-018,Water,POMC,Spleen,Lymphocytes,2399,27378,0.08762510044561327,8.762510044561326,3.380211241711606,Lymphocyte-like
m26-018,Water,POMC,Spleen,Fibroblasts,20016,27378,0.7310979618671927,73.10979618671927,4.301398989173564,Fibroblast-like
m26-018,Water,POMC,Spleen,Plasmocytes,9,27378,0.0003287310979618672,0.03287310979618672,1.0,Plasmocyte-like
m26-018,Water,POMC,Spleen,Eosinophils,0,27378,0.0,0.0,0.0,Eosinophil-like
m26-018,Water,POMC,Spleen,Neutrophils,102,27378,0.003725619110234495,0.3725619110234495,2.012837224705172,Neutrophil-like
m26-018,Water,POMC,Spleen,Macrophages,3901,27378,0.14248666812769376,14.248666812769375,3.591287265058499,Macrophage-like
m26-018,Water,POMC,Spleen,Muscle Cell,55,27378,0.0020089122653225216,0.20089122653225217,1.7481880270062005,Muscle-like
m26-018,Water,POMC,Spleen,Endothelial Cell,61,27378,0.002228066330630433,0.2228066330630433,1.792391689498254,Endothelial-like
m26-018,Water,POMC,Spleen,Red blood cell,0,27378,0.0,0.0,0.0,RBC-like
m26-018,Water,POMC,Spleen,Epithelial,574,27378,0.020965738914456862,2.0965738914456864,2.7596678446896306,Epithelial-like
m26-018,Water,POMC,Spleen,Apoptotic Body,261,27378,0.00953320184089415,0.9533201840894149,2.4183012913197452,Apoptotic-like
m26-018,Water,POMC,Spleen,Mitotic Figures,0,27378,0.0,0.0,0.0,Mitotic-like
m26-018,Water,POMC,Spleen,Minor Stromal Cell,0,27378,0.0,0.0,0.0,Minor stromal-like
m26-019,Water,NPY,Liver,Lymphocytes,11,4683,0.002348921631432842,0.2348921631432842,1.0791812460476249,Lymphocyte-like
m26-019,Water,NPY,Liver,Fibroblasts,157,4683,0.03352551783045057,3.352551783045057,2.1986570869544226,Fibroblast-like
m26-019,Water,NPY,Liver,Plasmocytes,3,4683,0.0006406149903907751,0.06406149903907751,0.6020599913279624,Plasmocyte-like
m26-019,Water,NPY,Liver,Eosinophils,0,4683,0.0,0.0,0.0,Eosinophil-like
m26-019,Water,NPY,Liver,Neutrophils,12,4683,0.0025624599615631004,0.25624599615631005,1.1139433523068367,Neutrophil-like
m26-019,Water,NPY,Liver,Macrophages,94,4683,0.02007260303224429,2.0072603032244287,1.9777236052888478,Macrophage-like
m26-019,Water,NPY,Liver,Muscle Cell,9,4683,0.0019218449711723255,0.19218449711723257,1.0,Muscle-like
m26-019,Water,NPY,Liver,Endothelial Cell,0,4683,0.0,0.0,0.0,Endothelial-like
m26-019,Water,NPY,Liver,Red blood cell,0,4683,0.0,0.0,0.0,RBC-like
m26-019,Water,NPY,Liver,Epithelial,444,4683,0.09481101857783472,9.481101857783472,2.6483600109809315,Epithelial-like
m26-019,Water,NPY,Liver,Apoptotic Body,3953,4683,0.8441170190049114,84.41170190049114,3.5970366649776535,Apoptotic-like
m26-019,Water,NPY,Liver,Mitotic Figures,0,4683,0.0,0.0,0.0,Mitotic-like
m26-019,Water,NPY,Liver,Minor Stromal Cell,0,4683,0.0,0.0,0.0,Minor stromal-like
m26-019,Water,NPY,Kidney,Lymphocytes,5,10289,0.00048595587520653126,0.04859558752065313,0.7781512503836436,Lymphocyte-like
m26-019,Water,NPY,Kidney,Fibroblasts,646,10289,0.06278549907668383,6.278549907668383,2.8109042806687006,Fibroblast-like
m26-019,Water,NPY,Kidney,Plasmocytes,0,10289,0.0,0.0,0.0,Plasmocyte-like
m26-019,Water,NPY,Kidney,Eosinophils,0,10289,0.0,0.0,0.0,Eosinophil-like
m26-019,Water,NPY,Kidney,Neutrophils,12,10289,0.001166294100495675,0.11662941004956749,1.1139433523068367,Neutrophil-like
m26-019,Water,NPY,Kidney,Macrophages,601,10289,0.05841189619982506,5.841189619982505,2.7795964912578244,Macrophage-like
m26-019,Water,NPY,Kidney,Muscle Cell,83,10289,0.00806686752842842,0.806686752842842,1.9242792860618816,Muscle-like
m26-019,Water,NPY,Kidney,Endothelial Cell,0,10289,0.0,0.0,0.0,Endothelial-like
m26-019,Water,NPY,Kidney,Red blood cell,0,10289,0.0,0.0,0.0,RBC-like
m26-019,Water,NPY,Kidney,Epithelial,8128,10289,0.7899698707357372,78.99698707357372,3.910037123553051,Epithelial-like
m26-019,Water,NPY,Kidney,Apoptotic Body,814,10289,0.07911361648362329,7.9113616483623295,2.9111576087399764,Apoptotic-like
m26-019,Water,NPY,Kidney,Mitotic Figures,0,10289,0.0,0.0,0.0,Mitotic-like
m26-019,Water,NPY,Kidney,Minor Stromal Cell,0,10289,0.0,0.0,0.0,Minor stromal-like
m26-019,Water,NPY,Spleen,Lymphocytes,777,14365,0.05408980160111382,5.408980160111382,2.890979596989689,Lymphocyte-like
m26-019,Water,NPY,Spleen,Fibroblasts,11013,14365,0.766655064392621,76.6655064392621,4.041945072145264,Fibroblast-like
m26-019,Water,NPY,Spleen,Plasmocytes,4,14365,0.000278454577097111,0.0278454577097111,0.6989700043360189,Plasmocyte-like
m26-019,Water,NPY,Spleen,Eosinophils,0,14365,0.0,0.0,0.0,Eosinophil-like
m26-019,Water,NPY,Spleen,Neutrophils,26,14365,0.0018099547511312218,0.18099547511312217,1.4313637641589874,Neutrophil-like
m26-019,Water,NPY,Spleen,Macrophages,1337,14365,0.09307344239470937,9.307344239470936,3.1264561134318045,Macrophage-like
m26-019,Water,NPY,Spleen,Muscle Cell,21,14365,0.001461886529759833,0.1461886529759833,1.3424226808222062,Muscle-like
m26-019,Water,NPY,Spleen,Endothelial Cell,58,14365,0.00403759136790811,0.40375913679081105,1.7708520116421442,Endothelial-like
m26-019,Water,NPY,Spleen,Red blood cell,0,14365,0.0,0.0,0.0,RBC-like
m26-019,Water,NPY,Spleen,Epithelial,967,14365,0.06731639401322659,6.731639401322659,2.9858753573083936,Epithelial-like
m26-019,Water,NPY,Spleen,Apoptotic Body,162,14365,0.011277410372432998,1.1277410372432997,2.2121876044039577,Apoptotic-like
m26-019,Water,NPY,Spleen,Mitotic Figures,0,14365,0.0,0.0,0.0,Mitotic-like
m26-019,Water,NPY,Spleen,Minor Stromal Cell,0,14365,0.0,0.0,0.0,Minor stromal-like
m26-020,Water,NPY,Liver,Lymphocytes,13,5687,0.0022859152452962897,0.22859152452962897,1.146128035678238,Lymphocyte-like
m26-020,Water,NPY,Liver,Fibroblasts,62,5687,0.010902057323720767,1.0902057323720766,1.7993405494535817,Fibroblast-like
m26-020,Water,NPY,Liver,Plasmocytes,10,5687,0.0017583963425356075,0.17583963425356075,1.041392685158225,Plasmocyte-like
m26-020,Water,NPY,Liver,Eosinophils,0,5687,0.0,0.0,0.0,Eosinophil-like
m26-020,Water,NPY,Liver,Neutrophils,49,5687,0.008616142078424477,0.8616142078424477,1.6989700043360187,Neutrophil-like
m26-020,Water,NPY,Liver,Macrophages,75,5687,0.013187972569017057,1.3187972569017057,1.8808135922807914,Macrophage-like
m26-020,Water,NPY,Liver,Muscle Cell,8,5687,0.001406717074028486,0.1406717074028486,0.9542425094393249,Muscle-like
m26-020,Water,NPY,Liver,Endothelial Cell,0,5687,0.0,0.0,0.0,Endothelial-like
m26-020,Water,NPY,Liver,Red blood cell,0,5687,0.0,0.0,0.0,RBC-like
m26-020,Water,NPY,Liver,Epithelial,1266,5687,0.22261297696500792,22.261297696500794,3.1027766148834415,Epithelial-like
m26-020,Water,NPY,Liver,Apoptotic Body,4204,5687,0.7392298224019694,73.92298224019694,3.623766000133931,Apoptotic-like
m26-020,Water,NPY,Liver,Mitotic Figures,0,5687,0.0,0.0,0.0,Mitotic-like
m26-020,Water,NPY,Liver,Minor Stromal Cell,0,5687,0.0,0.0,0.0,Minor stromal-like
m26-020,Water,NPY,Kidney,Lymphocytes,9,12494,0.0007203457659676645,0.07203457659676644,1.0,Lymphocyte-like
m26-020,Water,NPY,Kidney,Fibroblasts,1408,12494,0.11269409316471907,11.269409316471906,3.1489109931093564,Fibroblast-like
m26-020,Water,NPY,Kidney,Plasmocytes,0,12494,0.0,0.0,0.0,Plasmocyte-like
m26-020,Water,NPY,Kidney,Eosinophils,0,12494,0.0,0.0,0.0,Eosinophil-like
m26-020,Water,NPY,Kidney,Neutrophils,2,12494,0.00016007683688170322,0.01600768368817032,0.47712125471966244,Neutrophil-like
m26-020,Water,NPY,Kidney,Macrophages,736,12494,0.058908275972466784,5.890827597246679,2.8674674878590514,Macrophage-like
m26-020,Water,NPY,Kidney,Muscle Cell,132,12494,0.010565071234192413,1.0565071234192414,2.123851640967086,Muscle-like
m26-020,Water,NPY,Kidney,Endothelial Cell,3,12494,0.00024011525532255482,0.02401152553225548,0.6020599913279624,Endothelial-like
m26-020,Water,NPY,Kidney,Red blood cell,0,12494,0.0,0.0,0.0,RBC-like
m26-020,Water,NPY,Kidney,Epithelial,9828,12494,0.7866175764366896,78.66175764366896,3.9925093350677754,Epithelial-like
m26-020,Water,NPY,Kidney,Apoptotic Body,376,12494,0.030094445333760204,3.0094445333760205,2.576341350205793,Apoptotic-like
m26-020,Water,NPY,Kidney,Mitotic Figures,0,12494,0.0,0.0,0.0,Mitotic-like
m26-020,Water,NPY,Kidney,Minor Stromal Cell,0,12494,0.0,0.0,0.0,Minor stromal-like
m26-020,Water,NPY,Spleen,Lymphocytes,1934,27386,0.07062002483020521,7.062002483020521,3.28668096935493,Lymphocyte-like
m26-020,Water,NPY,Spleen,Fibroblasts,22008,27386,0.8036222887606806,80.36222887606806,4.342600310415772,Fibroblast-like
m26-020,Water,NPY,Spleen,Plasmocytes,5,27386,0.00018257503834075806,0.018257503834075806,0.7781512503836436,Plasmocyte-like
m26-020,Water,NPY,Spleen,Eosinophils,0,27386,0.0,0.0,0.0,Eosinophil-like
m26-020,Water,NPY,Spleen,Neutrophils,29,27386,0.0010589352223763966,0.10589352223763966,1.4771212547196624,Neutrophil-like
m26-020,Water,NPY,Spleen,Macrophages,2731,27386,0.09972248594172205,9.972248594172205,3.436480695009495,Macrophage-like
m26-020,Water,NPY,Spleen,Muscle Cell,33,27386,0.0012049952530490031,0.12049952530490031,1.5314789170422551,Muscle-like
m26-020,Water,NPY,Spleen,Endothelial Cell,56,27386,0.0020448404294164902,0.204484042941649,1.7558748556724915,Endothelial-like
m26-020,Water,NPY,Spleen,Red blood cell,0,27386,0.0,0.0,0.0,RBC-like
m26-020,Water,NPY,Spleen,Epithelial,476,27386,0.017381143650040166,1.7381143650040165,2.678518379040114,Epithelial-like
m26-020,Water,NPY,Spleen,Apoptotic Body,114,27386,0.004162710874169284,0.41627108741692836,2.060697840353612,Apoptotic-like
m26-020,Water,NPY,Spleen,Mitotic Figures,0,27386,0.0,0.0,0.0,Mitotic-like
m26-020,Water,NPY,Spleen,Minor Stromal Cell,0,27386,0.0,0.0,0.0,Minor stromal-like
m26-021,Water,NPY,Liver,Lymphocytes,37,5782,0.006399169837426496,0.6399169837426496,1.5797835966168101,Lymphocyte-like
m26-021,Water,NPY,Liver,Fibroblasts,215,5782,0.03718436527153234,3.718436527153234,2.3344537511509307,Fibroblast-like
m26-021,Water,NPY,Liver,Plasmocytes,0,5782,0.0,0.0,0.0,Plasmocyte-like
m26-021,Water,NPY,Liver,Eosinophils,0,5782,0.0,0.0,0.0,Eosinophil-like
m26-021,Water,NPY,Liver,Neutrophils,17,5782,0.002940159114493255,0.2940159114493255,1.255272505103306,Neutrophil-like
m26-021,Water,NPY,Liver,Macrophages,241,5782,0.041681079211345555,4.168107921134555,2.383815365980431,Macrophage-like
m26-021,Water,NPY,Liver,Muscle Cell,9,5782,0.0015565548253199586,0.15565548253199585,1.0,Muscle-like
m26-021,Water,NPY,Liver,Endothelial Cell,0,5782,0.0,0.0,0.0,Endothelial-like
m26-021,Water,NPY,Liver,Red blood cell,0,5782,0.0,0.0,0.0,RBC-like
m26-021,Water,NPY,Liver,Epithelial,270,5782,0.046696644759598754,4.669664475959875,2.432969290874406,Epithelial-like
m26-021,Water,NPY,Liver,Apoptotic Body,4993,5782,0.8635420269802836,86.35420269802836,3.698448538015329,Apoptotic-like
m26-021,Water,NPY,Liver,Mitotic Figures,0,5782,0.0,0.0,0.0,Mitotic-like
m26-021,Water,NPY,Liver,Minor Stromal Cell,0,5782,0.0,0.0,0.0,Minor stromal-like
m26-021,Water,NPY,Kidney,Lymphocytes,42,11518,0.003646466400416739,0.3646466400416739,1.6334684555795866,Lymphocyte-like
m26-021,Water,NPY,Kidney,Fibroblasts,1617,11518,0.14038895641604446,14.038895641604446,3.2089785172762535,Fibroblast-like
m26-021,Water,NPY,Kidney,Plasmocytes,0,11518,0.0,0.0,0.0,Plasmocyte-like
m26-021,Water,NPY,Kidney,Eosinophils,0,11518,0.0,0.0,0.0,Eosinophil-like
m26-021,Water,NPY,Kidney,Neutrophils,2,11518,0.00017364125716270185,0.017364125716270183,0.47712125471966244,Neutrophil-like
m26-021,Water,NPY,Kidney,Macrophages,1228,11518,0.10661573189789894,10.661573189789895,3.089551882886454,Macrophage-like
m26-021,Water,NPY,Kidney,Muscle Cell,85,11518,0.007379753429414829,0.7379753429414829,1.9344984512435677,Muscle-like
m26-021,Water,NPY,Kidney,Endothelial Cell,9,11518,0.0007813856572321583,0.07813856572321584,1.0,Endothelial-like
m26-021,Water,NPY,Kidney,Red blood cell,0,11518,0.0,0.0,0.0,RBC-like
m26-021,Water,NPY,Kidney,Epithelial,7819,11518,0.6788504948775829,67.88504948775828,3.893206753059848,Epithelial-like
m26-021,Water,NPY,Kidney,Apoptotic Body,716,11518,0.06216357006424727,6.216357006424727,2.8555191556678,Apoptotic-like
m26-021,Water,NPY,Kidney,Mitotic Figures,0,11518,0.0,0.0,0.0,Mitotic-like
m26-021,Water,NPY,Kidney,Minor Stromal Cell,0,11518,0.0,0.0,0.0,Minor stromal-like
m26-021,Water,NPY,Spleen,Lymphocytes,5957,34087,0.17475870566491625,17.475870566491626,3.775100498879025,Lymphocyte-like
m26-021,Water,NPY,Spleen,Fibroblasts,23103,34087,0.6777657171355649,67.77657171355649,4.363687175889545,Fibroblast-like
m26-021,Water,NPY,Spleen,Plasmocytes,58,34087,0.0017015284419280078,0.17015284419280077,1.7708520116421442,Plasmocyte-like
m26-021,Water,NPY,Spleen,Eosinophils,0,34087,0.0,0.0,0.0,Eosinophil-like
m26-021,Water,NPY,Spleen,Neutrophils,33,34087,0.0009681110100624872,0.09681110100624872,1.5314789170422551,Neutrophil-like
m26-021,Water,NPY,Spleen,Macrophages,4409,34087,0.1293454982838032,12.934549828380321,3.6444385894678386,Macrophage-like
m26-021,Water,NPY,Spleen,Muscle Cell,23,34087,0.0006747440373162789,0.06747440373162789,1.380211241711606,Muscle-like
m26-021,Water,NPY,Spleen,Endothelial Cell,98,34087,0.002874996332912841,0.2874996332912841,1.99563519459755,Endothelial-like
m26-021,Water,NPY,Spleen,Red blood cell,0,34087,0.0,0.0,0.0,RBC-like
m26-021,Water,NPY,Spleen,Epithelial,349,34087,0.010238507348842667,1.0238507348842667,2.5440680443502757,Epithelial-like
m26-021,Water,NPY,Spleen,Apoptotic Body,57,34087,0.0016721917446533869,0.16721917446533868,1.7634279935629373,Apoptotic-like
m26-021,Water,NPY,Spleen,Mitotic Figures,0,34087,0.0,0.0,0.0,Mitotic-like
m26-021,Water,NPY,Spleen,Minor Stromal Cell,0,34087,0.0,0.0,0.0,Minor stromal-like
m26-022,Allulose,POMC,Liver,Lymphocytes,5,5393,0.0009271277582050807,0.09271277582050806,0.7781512503836436,Lymphocyte-like
m26-022,Allulose,POMC,Liver,Fibroblasts,54,5393,0.010012979788614871,1.001297978861487,1.7403626894942439,Fibroblast-like
m26-022,Allulose,POMC,Liver,Plasmocytes,2,5393,0.0003708511032820323,0.037085110328203226,0.47712125471966244,Plasmocyte-like
m26-022,Allulose,POMC,Liver,Eosinophils,0,5393,0.0,0.0,0.0,Eosinophil-like
m26-022,Allulose,POMC,Liver,Neutrophils,21,5393,0.003893936584461339,0.3893936584461339,1.3424226808222062,Neutrophil-like
m26-022,Allulose,POMC,Liver,Macrophages,41,5393,0.007602447617281662,0.7602447617281661,1.6232492903979006,Macrophage-like
m26-022,Allulose,POMC,Liver,Muscle Cell,1,5393,0.00018542555164101615,0.018542555164101613,0.3010299956639812,Muscle-like
m26-022,Allulose,POMC,Liver,Endothelial Cell,0,5393,0.0,0.0,0.0,Endothelial-like
m26-022,Allulose,POMC,Liver,Red blood cell,0,5393,0.0,0.0,0.0,RBC-like
m26-022,Allulose,POMC,Liver,Epithelial,312,5393,0.05785277211199703,5.785277211199704,2.4955443375464483,Epithelial-like
m26-022,Allulose,POMC,Liver,Apoptotic Body,4957,5393,0.919154459484517,91.9154459484517,3.6953065224318027,Apoptotic-like
m26-022,Allulose,POMC,Liver,Mitotic Figures,0,5393,0.0,0.0,0.0,Mitotic-like
m26-022,Allulose,POMC,Liver,Minor Stromal Cell,0,5393,0.0,0.0,0.0,Minor stromal-like
m26-022,Allulose,POMC,Kidney,Lymphocytes,17,9367,0.0018148820326678765,0.18148820326678766,1.255272505103306,Lymphocyte-like
m26-022,Allulose,POMC,Kidney,Fibroblasts,1044,9367,0.11145510835913312,11.145510835913312,3.019116290447073,Fibroblast-like
m26-022,Allulose,POMC,Kidney,Plasmocytes,2,9367,0.0002135155332550443,0.021351553325504428,0.47712125471966244,Plasmocyte-like
m26-022,Allulose,POMC,Kidney,Eosinophils,0,9367,0.0,0.0,0.0,Eosinophil-like
m26-022,Allulose,POMC,Kidney,Neutrophils,4,9367,0.0004270310665100886,0.042703106651008856,0.6989700043360189,Neutrophil-like
m26-022,Allulose,POMC,Kidney,Macrophages,925,9367,0.09875093413045799,9.8750934130458,2.9666109866819346,Macrophage-like
m26-022,Allulose,POMC,Kidney,Muscle Cell,52,9367,0.005551403864631152,0.5551403864631153,1.7242758696007892,Muscle-like
m26-022,Allulose,POMC,Kidney,Endothelial Cell,4,9367,0.0004270310665100886,0.042703106651008856,0.6989700043360189,Endothelial-like
m26-022,Allulose,POMC,Kidney,Red blood cell,0,9367,0.0,0.0,0.0,RBC-like
m26-022,Allulose,POMC,Kidney,Epithelial,6523,9367,0.696380911711327,69.6380911711327,3.8145139523682383,Epithelial-like
m26-022,Allulose,POMC,Kidney,Apoptotic Body,796,9367,0.08497918223550763,8.497918223550762,2.9014583213961123,Apoptotic-like
m26-022,Allulose,POMC,Kidney,Mitotic Figures,0,9367,0.0,0.0,0.0,Mitotic-like
m26-022,Allulose,POMC,Kidney,Minor Stromal Cell,0,9367,0.0,0.0,0.0,Minor stromal-like
m26-022,Allulose,POMC,Spleen,Lymphocytes,4624,32273,0.14327766244228923,14.327766244228924,3.6651117370750512,Lymphocyte-like
m26-022,Allulose,POMC,Spleen,Fibroblasts,22348,32273,0.6924673875995414,69.24673875995414,4.3492580955127895,Fibroblast-like
m26-022,Allulose,POMC,Spleen,Plasmocytes,47,32273,0.0014563257211910885,0.14563257211910885,1.6812412373755872,Plasmocyte-like
m26-022,Allulose,POMC,Spleen,Eosinophils,0,32273,0.0,0.0,0.0,Eosinophil-like
m26-022,Allulose,POMC,Spleen,Neutrophils,60,32273,0.0018591392185418152,0.1859139218541815,1.7853298350107671,Neutrophil-like
m26-022,Allulose,POMC,Spleen,Macrophages,4556,32273,0.1411706379946085,14.11706379946085,3.6586790285824486,Macrophage-like
m26-022,Allulose,POMC,Spleen,Muscle Cell,37,32273,0.0011464691847674526,0.11464691847674527,1.5797835966168101,Muscle-like
m26-022,Allulose,POMC,Spleen,Endothelial Cell,86,32273,0.0026647662132432684,0.2664766213243268,1.9395192526186185,Endothelial-like
m26-022,Allulose,POMC,Spleen,Red blood cell,0,32273,0.0,0.0,0.0,RBC-like
m26-022,Allulose,POMC,Spleen,Epithelial,441,32273,0.013664673256282341,1.366467325628234,2.645422269349092,Epithelial-like
m26-022,Allulose,POMC,Spleen,Apoptotic Body,74,32273,0.0022929383695349053,0.22929383695349054,1.8750612633917,Apoptotic-like
m26-022,Allulose,POMC,Spleen,Mitotic Figures,0,32273,0.0,0.0,0.0,Mitotic-like
m26-022,Allulose,POMC,Spleen,Minor Stromal Cell,0,32273,0.0,0.0,0.0,Minor stromal-like
m26-023,Sucrose,POMC,Liver,Lymphocytes,3,4823,0.0006220194899440182,0.06220194899440182,0.6020599913279624,Lymphocyte-like
m26-023,Sucrose,POMC,Liver,Fibroblasts,33,4823,0.0068422143893842,0.68422143893842,1.5314789170422551,Fibroblast-like
m26-023,Sucrose,POMC,Liver,Plasmocytes,3,4823,0.0006220194899440182,0.06220194899440182,0.6020599913279624,Plasmocyte-like
m26-023,Sucrose,POMC,Liver,Eosinophils,0,4823,0.0,0.0,0.0,Eosinophil-like
m26-023,Sucrose,POMC,Liver,Neutrophils,19,4823,0.003939456769645449,0.3939456769645449,1.3010299956639813,Neutrophil-like
m26-023,Sucrose,POMC,Liver,Macrophages,3,4823,0.0006220194899440182,0.06220194899440182,0.6020599913279624,Macrophage-like
m26-023,Sucrose,POMC,Liver,Muscle Cell,13,4823,0.0026954177897574125,0.2695417789757413,1.146128035678238,Muscle-like
m26-023,Sucrose,POMC,Liver,Endothelial Cell,0,4823,0.0,0.0,0.0,Endothelial-like
m26-023,Sucrose,POMC,Liver,Red blood cell,0,4823,0.0,0.0,0.0,RBC-like
m26-023,Sucrose,POMC,Liver,Epithelial,97,4823,0.020111963508189924,2.0111963508189925,1.9912260756924949,Epithelial-like
m26-023,Sucrose,POMC,Liver,Apoptotic Body,4652,4823,0.9645448890731909,96.45448890731909,3.667733052533267,Apoptotic-like
m26-023,Sucrose,POMC,Liver,Mitotic Figures,0,4823,0.0,0.0,0.0,Mitotic-like
m26-023,Sucrose,POMC,Liver,Minor Stromal Cell,0,4823,0.0,0.0,0.0,Minor stromal-like
m26-023,Sucrose,POMC,Kidney,Lymphocytes,27,11713,0.0023051310509690087,0.23051310509690087,1.4471580313422192,Lymphocyte-like
m26-023,Sucrose,POMC,Kidney,Fibroblasts,1418,11713,0.12106206778792794,12.106206778792794,3.151982395457474,Fibroblast-like
m26-023,Sucrose,POMC,Kidney,Plasmocytes,0,11713,0.0,0.0,0.0,Plasmocyte-like
m26-023,Sucrose,POMC,Kidney,Eosinophils,0,11713,0.0,0.0,0.0,Eosinophil-like
m26-023,Sucrose,POMC,Kidney,Neutrophils,12,11713,0.0010245026893195594,0.10245026893195594,1.1139433523068367,Neutrophil-like
m26-023,Sucrose,POMC,Kidney,Macrophages,586,11713,0.05002988132843849,5.002988132843849,2.7686381012476144,Macrophage-like
m26-023,Sucrose,POMC,Kidney,Muscle Cell,100,11713,0.00853752241099633,0.853752241099633,2.0043213737826426,Muscle-like
m26-023,Sucrose,POMC,Kidney,Endothelial Cell,1,11713,8.537522410996328e-05,0.008537522410996328,0.3010299956639812,Endothelial-like
m26-023,Sucrose,POMC,Kidney,Red blood cell,0,11713,0.0,0.0,0.0,RBC-like
m26-023,Sucrose,POMC,Kidney,Epithelial,8508,11713,0.7263724067275676,72.63724067275676,3.9298785236567833,Epithelial-like
m26-023,Sucrose,POMC,Kidney,Apoptotic Body,1061,11713,0.09058311278067105,9.058311278067105,3.0261245167454502,Apoptotic-like
m26-023,Sucrose,POMC,Kidney,Mitotic Figures,0,11713,0.0,0.0,0.0,Mitotic-like
m26-023,Sucrose,POMC,Kidney,Minor Stromal Cell,0,11713,0.0,0.0,0.0,Minor stromal-like
m26-023,Sucrose,POMC,Spleen,Lymphocytes,8269,27618,0.2994061843725107,29.94061843725107,3.9175055095525466,Lymphocyte-like
m26-023,Sucrose,POMC,Spleen,Fibroblasts,13923,27618,0.5041277427764501,50.41277427764501,4.143764014612251,Fibroblast-like
m26-023,Sucrose,POMC,Spleen,Plasmocytes,304,27618,0.01100731407053371,1.100731407053371,2.484299839346786,Plasmocyte-like
m26-023,Sucrose,POMC,Spleen,Eosinophils,0,27618,0.0,0.0,0.0,Eosinophil-like
m26-023,Sucrose,POMC,Spleen,Neutrophils,185,27618,0.006698529944239264,0.6698529944239264,2.2695129442179165,Neutrophil-like
m26-023,Sucrose,POMC,Spleen,Macrophages,3311,27618,0.1198855818668984,11.98855818668984,3.5200903281128424,Macrophage-like
m26-023,Sucrose,POMC,Spleen,Muscle Cell,28,27618,0.001013831559128105,0.1013831559128105,1.462397997898956,Muscle-like
m26-023,Sucrose,POMC,Spleen,Endothelial Cell,167,27618,0.006046781084799768,0.6046781084799768,2.225309281725863,Endothelial-like
m26-023,Sucrose,POMC,Spleen,Red blood cell,0,27618,0.0,0.0,0.0,RBC-like
m26-023,Sucrose,POMC,Spleen,Epithelial,979,27618,0.03544789629951481,3.544789629951481,2.991226075692495,Epithelial-like
m26-023,Sucrose,POMC,Spleen,Apoptotic Body,452,27618,0.016366138025925122,1.636613802592512,2.656098202012832,Apoptotic-like
m26-023,Sucrose,POMC,Spleen,Mitotic Figures,0,27618,0.0,0.0,0.0,Mitotic-like
m26-023,Sucrose,POMC,Spleen,Minor Stromal Cell,0,27618,0.0,0.0,0.0,Minor stromal-like
m26-024,Sucrose,POMC,Liver,Lymphocytes,2,6138,0.00032583903551645487,0.03258390355164549,0.47712125471966244,Lymphocyte-like
m26-024,Sucrose,POMC,Liver,Fibroblasts,89,6138,0.014499837080482242,1.4499837080482243,1.9542425094393248,Fibroblast-like
m26-024,Sucrose,POMC,Liver,Plasmocytes,6,6138,0.0009775171065493646,0.09775171065493646,0.8450980400142568,Plasmocyte-like
m26-024,Sucrose,POMC,Liver,Eosinophils,0,6138,0.0,0.0,0.0,Eosinophil-like
m26-024,Sucrose,POMC,Liver,Neutrophils,38,6138,0.0061909416748126425,0.6190941674812642,1.591064607026499,Neutrophil-like
m26-024,Sucrose,POMC,Liver,Macrophages,24,6138,0.0039100684261974585,0.39100684261974583,1.3979400086720377,Macrophage-like
m26-024,Sucrose,POMC,Liver,Muscle Cell,1,6138,0.00016291951775822744,0.016291951775822745,0.3010299956639812,Muscle-like
m26-024,Sucrose,POMC,Liver,Endothelial Cell,0,6138,0.0,0.0,0.0,Endothelial-like
m26-024,Sucrose,POMC,Liver,Red blood cell,0,6138,0.0,0.0,0.0,RBC-like
m26-024,Sucrose,POMC,Liver,Epithelial,235,6138,0.03828608667318345,3.828608667318345,2.3729120029701067,Epithelial-like
m26-024,Sucrose,POMC,Liver,Apoptotic Body,5743,6138,0.9356467904855001,93.56467904855002,3.759214431234244,Apoptotic-like
m26-024,Sucrose,POMC,Liver,Mitotic Figures,0,6138,0.0,0.0,0.0,Mitotic-like
m26-024,Sucrose,POMC,Liver,Minor Stromal Cell,0,6138,0.0,0.0,0.0,Minor stromal-like
m26-024,Sucrose,POMC,Kidney,Lymphocytes,30,5361,0.005595970900951315,0.5595970900951315,1.4913616938342726,Lymphocyte-like
m26-024,Sucrose,POMC,Kidney,Fibroblasts,1237,5361,0.2307405334825592,23.074053348255923,3.0927206446840994,Fibroblast-like
m26-024,Sucrose,POMC,Kidney,Plasmocytes,1,5361,0.00018653236336504383,0.018653236336504384,0.3010299956639812,Plasmocyte-like
m26-024,Sucrose,POMC,Kidney,Eosinophils,0,5361,0.0,0.0,0.0,Eosinophil-like
m26-024,Sucrose,POMC,Kidney,Neutrophils,17,5361,0.003171050177205745,0.31710501772057453,1.255272505103306,Neutrophil-like
m26-024,Sucrose,POMC,Kidney,Macrophages,66,5361,0.012311135982092894,1.2311135982092893,1.8260748027008264,Macrophage-like
m26-024,Sucrose,POMC,Kidney,Muscle Cell,1357,5361,0.25312441708636446,25.312441708636445,3.132899769944483,Muscle-like
m26-024,Sucrose,POMC,Kidney,Endothelial Cell,0,5361,0.0,0.0,0.0,Endothelial-like
m26-024,Sucrose,POMC,Kidney,Red blood cell,0,5361,0.0,0.0,0.0,RBC-like
m26-024,Sucrose,POMC,Kidney,Epithelial,1481,5361,0.27625443014362994,27.625443014362993,3.170848203643309,Epithelial-like
m26-024,Sucrose,POMC,Kidney,Apoptotic Body,1172,5361,0.21861592986383138,21.861592986383137,3.0692980121155293,Apoptotic-like
m26-024,Sucrose,POMC,Kidney,Mitotic Figures,0,5361,0.0,0.0,0.0,Mitotic-like
m26-024,Sucrose,POMC,Kidney,Minor Stromal Cell,0,5361,0.0,0.0,0.0,Minor stromal-like
m26-024,Sucrose,POMC,Spleen,Lymphocytes,1797,21646,0.08301764760232838,8.301764760232839,3.25478968739721,Lymphocyte-like
m26-024,Sucrose,POMC,Spleen,Fibroblasts,14802,21646,0.6838214912685947,68.38214912685947,4.1703497391391835,Fibroblast-like
m26-024,Sucrose,POMC,Spleen,Plasmocytes,5,21646,0.0002309895592719209,0.02309895592719209,0.7781512503836436,Plasmocyte-like
m26-024,Sucrose,POMC,Spleen,Eosinophils,0,21646,0.0,0.0,0.0,Eosinophil-like
m26-024,Sucrose,POMC,Spleen,Neutrophils,41,21646,0.0018941143860297515,0.18941143860297516,1.6232492903979006,Neutrophil-like
m26-024,Sucrose,POMC,Spleen,Macrophages,3720,21646,0.17185623209830916,17.185623209830915,3.5706596700215343,Macrophage-like
m26-024,Sucrose,POMC,Spleen,Muscle Cell,102,21646,0.004712187009147187,0.4712187009147187,2.012837224705172,Muscle-like
m26-024,Sucrose,POMC,Spleen,Endothelial Cell,27,21646,0.0012473436200683729,0.12473436200683728,1.4471580313422192,Endothelial-like
m26-024,Sucrose,POMC,Spleen,Red blood cell,0,21646,0.0,0.0,0.0,RBC-like
m26-024,Sucrose,POMC,Spleen,Epithelial,718,21646,0.03317010071144784,3.317010071144784,2.8567288903828825,Epithelial-like
m26-024,Sucrose,POMC,Spleen,Apoptotic Body,434,21646,0.020049893744802736,2.0049893744802736,2.6384892569546374,Apoptotic-like
m26-024,Sucrose,POMC,Spleen,Mitotic Figures,0,21646,0.0,0.0,0.0,Mitotic-like
m26-024,Sucrose,POMC,Spleen,Minor Stromal Cell,0,21646,0.0,0.0,0.0,Minor stromal-like
