morphometric_proposals,dino_logistic
0.7672101259028483,0.5972535326308912
0.7507350804314751,0.5193220378822846
0.7193283619754208,0.5378465124788654
0.708928352725046,0.6213280771586037
0.6833190547583352,0.46055989862211755
0.7175453514739228,0.5583545918367347
0.7371426401501588,0.6361124673154749
0.6969838378810504,0.6695586715839328
0.7661957341465014,0.5848523878614992
0.7180670140396583,0.6130925996285039
0.7909536541889484,0.5661764705882353
0.7958868234462396,0.6767871623729025
0.7528704068695866,0.562768449761887
0.7107458982458982,0.5331455867170153
0.729582161490177,0.5473666646286786
0.6868322649572649,0.5472184065934066
0.7189364288679356,0.5379265996560517
0.7674988600091198,0.5436901504787962
0.7313636363636364,0.6358823529411765
0.7579999449702839,0.4800077041602465
0.749250116713352,0.5898196778711484
0.8187043072478797,0.6279194289100404
0.7547265447265447,0.5344635544635544
0.714657598499062,0.5581535334584116
0.7391238456379302,0.61547731904246
0.8409090909090908,0.6333333333333333
0.7480099197244172,0.5248735520894792
0.7573599068915042,0.5527433485912367
0.7546212121212121,0.5551244588744588
0.7002992446882589,0.5327856879373026
0.7642039442039442,0.5504232804232805
0.7378489068583408,0.5225681341719077
0.7451655253454353,0.5730171400786094
0.7720352564102564,0.5494614913273002
0.6959770114942528,0.4866898762157383
0.7753027065527066,0.6362090455840456
0.7124104156712852,0.6262763633881646
0.7548663572343149,0.6451944622279129
0.8252349532188241,0.6457642089093703
0.711206681794917,0.5474229885994591
0.7231047862986467,0.4849097790350944
0.7444676123824482,0.5333464719565779
0.78634806735553,0.6178183383780399
0.7067376049518906,0.5802606177606178
0.8001398108191726,0.6189549416196354
0.725314979670798,0.6239425536100728
0.7805579836829837,0.6104858682983683
0.7696911196911197,0.535511583011583
0.7536880927291886,0.5090885142255005
0.7526993598422169,0.6043228409299838
0.7576806363571069,0.6181453350570998
0.7158208762495063,0.5977710175310668
0.7452512254901961,0.5749080882352942
0.727987202670747,0.49962492299743655
0.7882410461444986,0.6398316879957034
0.7168680336935251,0.5989406959925125
0.6810238868274583,0.4718711348175634
0.7650852685050799,0.5692058236574746
0.7359613696224758,0.5622488398344413
0.7959435306133419,0.5323385341074021
0.7624341027086251,0.5636012334931239
0.7546382947118241,0.5865678847296494
0.6901750283446711,0.5989760487528344
0.7264646199388847,0.5216497962821491
0.7887892336421749,0.5517758385405445
0.738754956741168,0.5556844808940158
0.7571352707222272,0.6612172896140287
0.779378285405071,0.5315988327149042
0.7351390828029374,0.5819521736945488
0.7181462585034013,0.5590391156462584
0.729799917064068,0.6186208445642407
0.7743835616438356,0.5634474885844749
0.7444261903238131,0.6319050514218336
0.7328733897706973,0.533231106714911
0.7976576184123354,0.5721239801428482
0.7648088093990217,0.5590386967155835
0.7761823960353373,0.5812190260719672
0.7392646906043079,0.5338599675494321
0.7868325791855204,0.5488046757164404
0.791018740031898,0.5919486215538847
0.7016304347826087,0.6129113828502415
0.748955383955384,0.5825411125411126
0.7396472408134892,0.4335061613883635
0.8513567503193528,0.6019470539706195
0.7246911093204405,0.5344480257856568
0.7578593761295453,0.5907372952434063
0.7281483015741508,0.4887116818558409
0.7717681623931623,0.5749732905982905
0.7114531399757118,0.5751251027413817
0.7415844169878607,0.574958274797978
0.7322160379303236,0.5472108843537414
0.7629285351888092,0.5485716356557844
0.6756250409862942,0.5224145845629222
0.6976424319727892,0.5159374999999999
0.7629817897675041,0.5890363055541628
0.7561913074694386,0.5595296337713168
0.7772010577231032,0.5955670890441895
0.7598524747142258,0.5172062960081393
0.7017270536667305,0.5613706468180465
0.7668144755031749,0.5799773698227856
0.7299451754385965,0.5055811403508772
0.7220262845262845,0.5486709236709236
0.7556874923882596,0.6231008707830958
0.7666546416546416,0.6396554834054834
0.7684972286787054,0.5695092079384946
0.7656196291270917,0.6375531433740389
0.7131944444444445,0.5907242063492064
0.7775683823219034,0.6213724655626064
0.7539965588276605,0.6568074348050003
0.788149633332146,0.5928445846739565
0.7485278749639647,0.5306263431349425
0.7625422546641034,0.5916109450773316
0.7359148550724638,0.589447463768116
0.7704487179487178,0.5765224358974359
0.7001041162646022,0.5642025097347987
0.7177091730663159,0.5040280665280665
0.7573119223119223,0.5357048421334136
0.6990156850192061,0.6316181177976953
0.7352058908669851,0.5856720702465383
0.7481542882404951,0.6043361332154435
0.7284737050080418,0.6199358050024957
0.7301462466461519,0.5532620128131776
0.7507406151954215,0.6487352914899543
0.7439342403628117,0.5854308390022676
0.6802919249809602,0.5869889460129272
0.7329503038400822,0.5437746860160653
0.7454677206851119,0.5428656126482213
0.7428952991452992,0.5952457264957265
0.7279764381180212,0.6656083589848996
0.7372487610818699,0.48457196649102857
0.65802355758551,0.550614878446543
0.7623637299396435,0.6370511860758901
0.7312407668546871,0.5427813591189901
0.7281066176470588,0.6282890271493212
0.826057611070992,0.5714462710448438
0.7491096866096866,0.5002477393781741
0.7595835199283475,0.5492551127033886
0.7917043740573153,0.6133463214345567
0.7366130479969766,0.6391605253212396
0.8381937238938995,0.6399935483012744
0.7089179375453885,0.5179956427015251
0.7348793363499245,0.5491515837104073
0.7383726343254846,0.5394930430634659
0.7822524088917532,0.6345342361735804
0.71168076819769,0.5797575879666935
0.7941876310272536,0.5936448038334831
0.7423406371306663,0.5562877175722448
0.7608226805525702,0.6294246145769815
0.7614499157872103,0.5889447196789164
0.7643730171113539,0.6060598377281947
0.7636842446625056,0.5629128387280562
0.754982638888889,0.6357318376068376
0.6928671841462539,0.5448322366927019
0.7671308980776637,0.6191493605787743
0.6966508438818565,0.5481777426160338
0.701241134751773,0.6032062647754137
0.7088444960212202,0.5054708222811671
0.7667024707165552,0.551092616303884
0.7601157855147217,0.5295414248871696
0.7559935410334346,0.5670769722298978
0.7969448490874337,0.6255414508570724
0.8105758094870434,0.6046059933407325
0.7112064676616916,0.6453441127694859
0.7465444511137788,0.5776685674269708
0.6535945842868041,0.5840325451309433
0.765598941577808,0.5634892920449692
0.7649115766501032,0.629075094465537
0.7364488615045982,0.5604792853033624
0.8220895898103029,0.574254091974805
0.7125516327643987,0.5215785987062582
0.7319764464925755,0.6043511654311093
0.703264956965514,0.5193786567634796
0.7648726936768022,0.6079709790494823
0.75234339569161,0.593703231292517
0.7211926414300813,0.5776012202716346
0.7195983250331076,0.5949732341036689
0.7959827431278481,0.6316903979880264
0.7386247181799549,0.582370732845984
0.737290545588865,0.5988299165820175
0.765449055465952,0.6067650597782954
0.7288733802591585,0.5318715672159121
0.7309617180205416,0.5780765639589169
0.7493277310924371,0.6161764705882353
0.7175598561313428,0.5886657640073385
0.7537889300030837,0.5771536129098571
0.7201510580048316,0.587146966863948
0.6944710121825155,0.5395175781816074
0.7202203078027549,0.5072559115179252
0.7342997167972342,0.5792737871933502
0.7676933404940923,0.6194193071965628
0.7295729433077578,0.5534020673486786
0.7674575513111468,0.5316072523067239
0.7442700542070807,0.5795637697244607
0.7379070769320639,0.6043613820900753
0.746060924369748,0.636983543417367
0.7583066922421142,0.6176150895140665
0.6730147946859903,0.5291213768115942
0.7685931715343481,0.5580697243932539
0.7531932598294155,0.5947365944505533
0.7002777777777778,0.5506018518518518
0.7397907521217442,0.6356277436347674
0.7341231229561536,0.603114883732424
0.695060023801546,0.5770084961505428
0.7896602119108512,0.6105864084764341
0.7782160755120908,0.5636956891937916
0.7585916799152093,0.5691286875110404
0.7623733190176185,0.5912126331588893
0.7408116620538934,0.5703738617174837
0.6923076923076923,0.47147435897435896
0.7390422077922078,0.6212385893092416
0.718948618948619,0.5767990792990794
0.743612596553773,0.6248885918003566
0.7048141891891891,0.6027467685076381
0.7860556194308709,0.6171852543834435
0.751424998277576,0.542474052912865
0.7152100840336135,0.5563328664799253
0.7383500957854406,0.6052681992337164
0.7200650452488687,0.5264705882352941
0.7757183034356947,0.49810135516657256
0.7684835136884942,0.570925999091187
0.7265301724137931,0.5537068965517241
0.7444212259371834,0.6506775582573454
0.7177679440003384,0.6214590470752442
0.7295776643990929,0.5933177437641723
0.7521485636579975,0.5722437531871494
0.7015068757730611,0.5281149567085772
0.712193630509659,0.5676281194852024
0.725248447204969,0.5628118530020704
0.816090771973125,0.5951254627725215
0.7138694638694638,0.6190268065268065
0.7766271409749671,0.6201581027667984
0.6978632478632479,0.5403418803418802
0.779490119327129,0.5868065377688514
0.7247771163539357,0.5555595160042599
0.7181719853933476,0.5152615702151306
0.7524749760043877,0.5670008912655972
0.7381760339342524,0.6098753976670201
0.7189125860554432,0.4997182897182897
0.6206694621168306,0.6070488721804511
0.7697472860604738,0.5542598478388838
0.6888423306988578,0.5109058377993108
0.7952498325130428,0.5343740603586067
0.7514196627647715,0.5789785395763657
0.6907640232108317,0.5929124067421939
0.6949391171993912,0.5521974885844749
0.7816947068682545,0.6621840040363972
0.7906733091787439,0.636231884057971
0.7034965034965035,0.5063228438228439
0.7357144583502733,0.6344765288427261
0.7650892857142856,0.5679464285714286
0.730502236391321,0.5292694455018399
0.80035288118793,0.5785867801114841
0.7477869229883735,0.5778420957424065
0.7310325952243245,0.5456704949186152
0.6933994447581404,0.47603990212685865
0.7441187871479025,0.5299096964998421
0.6609634537753954,0.5639902223545761
0.7079863423072522,0.6167340150866526
0.7989274212100298,0.5376840349666436
0.7667604203289191,0.5586448689401929
0.7496603315324558,0.6724634079869183
0.7118518518518518,0.5741822665056361
0.7504964878671776,0.5701285121328226
0.7268213845706614,0.5558599925248134
0.7508334515534117,0.5389340095521823
0.7385890133096223,0.5388835477507016
0.7343602346343507,0.5072203242337319
0.6898387222635343,0.5527385886878368
0.746285332314744,0.5397854596384009
0.7450776197205075,0.5754634950703859
0.688134847175943,0.5913717141799334
0.7521384063245498,0.7227315502411535
0.8149014571582058,0.6119611200644641
0.7563217206074349,0.6059833024118738
0.6763934763094428,0.576201345403026
0.7479464758876524,0.6007048224695284
0.6865942028985507,0.5696753339016767
0.7655271464646465,0.6035458754208753
0.7324031057844044,0.49890062986341627
0.7603874883286648,0.5513616557734204
0.7197270322270323,0.5429292929292929
0.7133231629799136,0.6019101195016526
0.7371212121212121,0.5492375679875681
0.7991364621294199,0.581916921107062
0.8008211349055752,0.669111999638565
0.685408323798627,0.5563560736079328
0.7539911721267454,0.6438552295918367
0.717472907690299,0.5855529442485964
0.7724499458874459,0.6286728896103897
0.7273182189542484,0.5946997549019608
0.7796083055863856,0.6146816037735849
0.7881081946222791,0.5235773733308944
0.757586629617522,0.5038166067342269
0.6913217138707335,0.5441539578794481
0.7598824786324786,0.5140669515669516
0.7995560972673649,0.5740881184543156
0.7419090387434807,0.6107620487538155
0.7012901632837666,0.5384224517486778
0.7241813790806129,0.5292013657561625
0.8152424172066615,0.5898705067859932
0.7538192939136336,0.5687524739411531
0.7766080101663726,0.6418665720168334
0.7384189603059969,0.5690365377414005
0.7971483578277196,0.5828486875965002
0.8036309685360302,0.5911813213629309
0.7176159636389767,0.6550777881575165
0.6988127090301004,0.4901300085251492
0.7069622706520803,0.5292714704108881
0.7605640282623234,0.5391499098874933
0.8357065886699507,0.621849200647692
0.666593992248062,0.48779069767441857
0.8005331286223735,0.5674869773840026
0.7012456399597935,0.6327479566378734
0.7000983688447424,0.5865303848296797
0.6980960113748781,0.5412352705385093
0.6819212188777406,0.5848673137036309
0.7687842465753424,0.5202609262883235
0.7474222883597883,0.507986111111111
0.7547491723962312,0.5502419149477973
0.7175547472658075,0.5350321538405863
0.7495146500465648,0.5703887277025574
0.7301568173784505,0.6286954915003695
0.7112761440226538,0.5399157925334981
0.7371833491461102,0.5717658918406072
0.6884374085455077,0.5270568115305824
0.7425822829131652,0.5562184873949579
0.7700751952602578,0.564680239037786
0.6957633053221288,0.5498983832663501
0.7331220518867925,0.5346521226415094
0.6919070512820512,0.5488782051282052
0.7907261129267242,0.5775410497625002
0.7033573650745863,0.5346747919399583
0.7448662617220801,0.6301124254049446
0.736674998737565,0.6675629955057314
0.740353466026081,0.5252848318462594
0.8023667526327101,0.5993015258972706
0.7240909090909091,0.5133838383838384
0.7600274725274725,0.6175824175824176
0.7504041248606466,0.5754041248606465
0.7531053835274293,0.598147663326412
0.7252716319759437,0.5928460121011896
0.750625,0.5175000000000001
0.7413523017902814,0.5589780477408355
0.7510011995047207,0.5818807073208482
0.7473129118627106,0.5156677498855567
0.7543129397924893,0.5434832862635532
0.748891507043681,0.6417224080267558
0.664111085436917,0.5555962772078447
0.7931586468412597,0.59630104232824
0.7650904862312586,0.5333869822300962
0.702581302194782,0.5540495544193689
0.723105458399576,0.5135797562268151
0.6686247533727938,0.6090825467925132
0.7918494893733331,0.6316973591393752
0.7823203686724894,0.5467343048786373
0.781298174155317,0.5621814318242889
0.787432712215321,0.6729192546583851
0.7325178911784802,0.5852985159612089
0.727706043956044,0.5437362637362637
0.7331501831501832,0.5944085326438268
0.7529332793432735,0.49341517707970073
0.7862500000000001,0.6079761904761904
0.6948040385540385,0.5241997585747585
0.7588266998341625,0.6311774461028192
0.767251818472341,0.6423744657220115
0.7172942970722803,0.555660382862048
0.7670502983802217,0.6076300085251491
0.727641129032258,0.6214650537634407
0.6475776344362076,0.491500682833599
0.7348109355426518,0.5734755529490105
0.7018672600619195,0.5155605005159958
0.7633180554632077,0.5958158369860421
0.7579012632721073,0.5482097186700767
0.7505703958162429,0.607495043751709
0.7718464122355633,0.585673956546598
0.8103825522303784,0.5695787455298326
0.7449607049297452,0.5372866555529094
0.7385882749326145,0.5775190925426774
0.7283036454018227,0.5259424192212097
0.6944471712735727,0.49104765036048936
0.7439023526077098,0.560437925170068
0.7574805158494391,0.5838020305455562
0.7775448943927205,0.6140362770797554
0.752812919838782,0.49988571055381403
0.7375761028943006,0.5356488269794721
0.7467220990391723,0.5794567627494456
0.7980311355311356,0.5892450142450143
0.7799362674362674,0.5424105182257356
0.7731481481481483,0.5832175925925926
0.7444779026313314,0.550222769525471
0.7364028314028314,0.5761518661518662
0.7599730147265359,0.577694013081337
0.741139713461142,0.5164424860853432
0.7492300429973693,0.6107801052304037
0.7198259819466044,0.5249275865963529
0.7308073281907433,0.49147820243104257
0.7523260321767785,0.6036174646249273
0.71919284025667,0.5781357649442755
0.7730514599877458,0.5606376596345375
0.718015821305295,0.5662027872554188
0.7877664291726791,0.6058779761904762
0.6937971342383107,0.5878582202111613
0.8019542135031323,0.6242399341208197
0.6802835883223871,0.5572555616719184
0.7135968137254902,0.5440808823529412
0.713963024234084,0.6203603392576542
0.7268538463237894,0.6603343716861081
0.7751425438596491,0.5726644736842105
0.7801056664588814,0.5438782884567629
0.7833399236775376,0.5720796929527253
0.7058754189073337,0.5939014885823397
0.7115376223239126,0.5534307762130343
0.77538789428815,0.5869394714407503
0.7333771700379756,0.5718473901418275
0.7464296656663766,0.5783837821276401
0.6983913863350983,0.5328717301967809
0.7114560322443126,0.4597469717130222
0.7414058181315644,0.5848362354892205
0.7616640209283302,0.5855376248289044
0.6930927296620354,0.4765094122404052
0.7569798766634209,0.5185378123985719
0.7424145299145298,0.555128205128205
0.722010647010647,0.5314214782964783
0.7289433785455988,0.5836807549527254
0.7154647435897435,0.566941889632107
0.7802621048419367,0.603266306522609
0.7692756589815413,0.6325100553041729
0.7531497209492845,0.5669453707022349
0.7563405433553256,0.520994069175458
0.6871500970065136,0.5411582552792491
0.7425084564485486,0.5522224989966925
0.7259692728442728,0.5667267200652295
0.7782941656766724,0.5855707019920952
0.6585926399545325,0.5551257459505541
0.687165629435528,0.5746726138866945
0.8008232367850908,0.5592429429334679
0.7521062271062271,0.5687957875457875
0.7213533748859836,0.621786953988041
0.7258805031446541,0.5165408805031446
0.7333162939174098,0.5706295823514009
0.7422846870429064,0.6149733768464445
0.6523178660039551,0.5002583640933806
0.7551980095376323,0.5564047273481235
0.7747087980932091,0.6141264384938856
0.7558564291101055,0.6422982654600302
0.748426114835325,0.5419022636743418
0.7336919551752533,0.5422988534374823
0.692952893876849,0.5915193928448572
0.743048239196176,0.5831650570676031
0.7520645277341707,0.6089273449764522
0.7548024891774892,0.5525297619047619
0.7570276999688765,0.5807812013694367
0.7406026170561054,0.5659452897824991
0.7393985480841583,0.571438940139948
0.7904711735440445,0.5562964588820604
0.7799965274550505,0.5885747462073097
0.7478466386554623,0.5126890756302521
0.7358515700697531,0.5026377521754359
0.7534866536468392,0.58238085930861
0.6894950467804073,0.5411515252771444
0.7774273241634962,0.5966174031801775
0.7277402576026535,0.5760829197606487
0.721947936123311,0.5303140828243054
0.7377157800919412,0.5328155783844638
0.6627145438121047,0.5122101776573321
0.764224700203402,0.5774677782791373
0.7180451778054517,0.5461184553650307
0.730416961939351,0.5309104364130274
0.797150852678236,0.5466813162046428
0.7793028124995338,0.6118456384849827
0.7569954530808063,0.5764686190970606
0.7701367389060887,0.5453818369453044
0.7287932832707551,0.6248404255319149
0.7711265034017659,0.5496444304307634
0.7104224392459686,0.5768582027405557
0.8121668425913708,0.6071898914764481
0.7359127861670984,0.5780687274909964
0.7393795816198819,0.5936989689492818
0.6961189604046747,0.5374062445491017
0.7418012875648343,0.5521220058904788
0.7594499514719303,0.5654143627921575
0.7609467654290377,0.5499861825657555
0.7288577038577039,0.6133431508431508
0.8152518777518778,0.5780400155400156
0.7256956752924495,0.5788594470046083
0.7165277777777778,0.543154761904762
0.693937728937729,0.5364652014652015
0.7285121104270039,0.5670184622312282
0.7120263335938393,0.5868056531672092
0.7217049319727891,0.6003613945578231
0.7391987292418104,0.5974067330248773
0.7960042090807552,0.5957805969393041
0.7482120582120582,0.651018711018711
0.7657610177192185,0.6240663334847796
0.8104603813356328,0.6442061895180607
0.7438887443732893,0.5440892033815647
0.7123958333333333,0.49020833333333336
0.7579809668527122,0.6930225592472458
0.7053184910327767,0.5639208410636982
0.7126255707762558,0.544931506849315
0.7550829045168668,0.6277415666094912
0.7207579290426857,0.6238794237919858
0.6967080049800727,0.5236889923699165
0.8112496086968896,0.5838758217365321
0.7847308488612836,0.6353312629399586
0.7424223085460598,0.541625046244913
0.7525644290350173,0.53692092221504
0.7484352857817667,0.5770803779525691
0.7467013888888888,0.5806597222222222
0.7077969655753101,0.6169119790148645
0.7605187908496731,0.5735702614379085
0.7767677276390007,0.5546618990061778
0.7902958353152583,0.5749894297341578
0.7205425228320695,0.5768215651888177
0.7224968652162801,0.5625121797329244
0.7637564575064575,0.59501827001827
0.7442301064736718,0.5617153429364345
0.7684061703777556,0.5422499169159188
0.7318764122159377,0.583376359445236
0.8340263796673092,0.6277236381809095
0.7429549596485239,0.614056046932669
0.7295751633986929,0.6330969887955182
0.695014880952381,0.5292782738095239
0.7243794326241135,0.6779587765957447
0.7846430555056081,0.5560392966599137
0.7359277950310559,0.597955486542443
0.7272056601802199,0.5380649873066703
0.7654380341880342,0.569537037037037
0.8044252622377622,0.6214051573426573
0.7249043367346939,0.6316113945578231
0.7971151853807541,0.585910711779214
0.6873028506337988,0.626531761330815
0.6802169512409787,0.5513572287742768
0.7720674405749032,0.5995301271420674
0.7325244543645603,0.5846442250623787
0.7039773748264315,0.5813509760679573
0.7280699212902603,0.5097445555072674
0.7443187068187068,0.5679253554253554
0.7776338893766461,0.6540030937748234
0.7843566095740009,0.527111696676914
0.6645066214470283,0.4633577375825437
0.7233811447114057,0.6069386909693455
0.7321576048188951,0.5467373385115321
0.72374599509968,0.5195893104850859
0.6831829471387142,0.5331398771068424
0.761853446819324,0.5128484188098801
0.6875378787878788,0.5063194444444444
0.772100122100122,0.6126068376068377
0.809261337254295,0.5604887014394057
0.742989417989418,0.5745039682539683
0.7189431072409797,0.6240952198399007
0.7722209653092006,0.5676206636500754
0.731542075945061,0.564530977590679
0.7944600062247121,0.5572963528845882
0.7541918149503288,0.5624661214831493
0.7125100644122383,0.5941969783082315
0.7370870809090855,0.5420357713704489
0.7327600807764967,0.6108152563350921
0.713397654740541,0.5925200898968548
0.7705525606469003,0.5664663821503444
0.6678446695781421,0.5057578012792678
0.713818766372946,0.5517266015718028
0.7630288957688338,0.5863648090815273
0.7054643535735972,0.5186955901241616
0.8019840680554966,0.641114387542959
0.7362074303405572,0.6521181630546955
0.6980110673571404,0.49920995612615526
0.7050928373713184,0.5155678319285915
0.7043148888033118,0.5433414364108983
0.7311114880144731,0.5673072574191977
0.7474096036263969,0.5702864748049757
0.7224039938556068,0.5978341013824884
0.7831400165700083,0.5342101629384148
0.6873273910582909,0.5158650658905328
0.7759011957755084,0.6311352593756364
0.7668896321070235,0.5620540691192865
0.7115646258503401,0.6332446021887016
0.7477890941827788,0.5625374408938698
0.6917524509803923,0.5781346749226006
0.7504000385579334,0.5348515519568151
0.6973944566958189,0.5942340399817134
0.7587816944959801,0.6020166169234492
0.8073558516954744,0.6334828693319259
0.7976685328264487,0.6256242092129619
0.7480492982873892,0.5503830447036309
0.7474936061381074,0.6417007672634271
0.703394819466248,0.5816980638409209
0.7890018770615786,0.6519823045942449
0.6805075084519223,0.5371238754169803
0.7478025260283325,0.6206903908516812
0.6939402461889622,0.5469431537186489
0.6833653736614262,0.6201070858965596
0.7377004538551252,0.586111934483015
0.6928654052714203,0.4411148062463852
0.7702106227106227,0.5676473526473527
0.7819953780962853,0.6033062048512199
0.7300159282207155,0.5608644347673603
0.703021077816281,0.5950231127812705
0.7790353001725652,0.5487292240622446
0.7775718073353954,0.5443239063190455
0.6967317690604782,0.5538323928533607
0.7170815295815296,0.5690128324056896
0.7832672882672883,0.5019399119399119
0.7890742724746749,0.58064403738448
0.7703443060823749,0.5473484894683562
0.7152207001522071,0.5134037290715373
0.7870060442701952,0.5865376133300662
0.7495712418381442,0.5667184395366013
0.7545791956629395,0.5413807438684286
0.7483766233766234,0.6562193059041799
0.7043610547667343,0.5186816824430922
0.7789570230607967,0.5424528301886793
0.7923417575071987,0.5861894539284245
0.7724675189891481,0.5850895457523335
0.7310283687943263,0.6453900709219857
0.7178361513687601,0.5992230273752013
0.7591146881287726,0.561056338028169
0.7330839002267573,0.5376133786848072
0.742876853989076,0.5542613181890897
0.8117324726463154,0.515284523215309
0.7352304558186911,0.5667175961293608
0.7487316465047558,0.5313723951118909
0.6998393499049284,0.5978535169532693
0.7048069040979588,0.5115872179405543
0.6940974883036218,0.46587380011293056
0.7659647745101029,0.5875577744796061
0.7525058358810873,0.6253756304058116
0.7771028088128401,0.6102114162307892
0.7153413418363287,0.5277106139662836
0.6895772946859904,0.4776449275362319
0.7139704998798365,0.5903516282143716
0.7295391806261371,0.5638648388648388
0.7266524206665053,0.5896728034051978
0.8388246794318901,0.6099706744868035
0.7082413086251039,0.5968981073671905
0.8182103952692188,0.6234360410830999
0.6586566091954023,0.5359195402298851
0.80688882974179,0.6242234204986319
0.736171657650493,0.5605142084228137
0.746402830318767,0.543224087824829
0.7609052891334731,0.5806063286163522
0.7061201018647827,0.6144849256551385
0.7457273252110208,0.5804317964644051
0.7484595959595959,0.5497727272727273
0.7293913398692811,0.5570669934640522
0.763747722951321,0.5765436917916076
0.7743691636595944,0.5856701653515405
0.7348323050150293,0.636608131624743
0.7655692959001783,0.5716911764705882
0.7482394096223882,0.560847549677337
0.7621923637249717,0.5209608400472827
0.7744276556776556,0.5562627187627187
0.7766095972992526,0.5874849288642392
0.6932584776334776,0.5900297619047619
0.7550424555408527,0.5832886099741439
0.7350774326123891,0.5298049547687927
0.8141371207408943,0.615118858380314
0.6681937525944375,0.6430443129929431
0.7359294016513755,0.5772772025936717
0.7529827182427521,0.5300847936687394
0.7364752982806333,0.6050371244083533
0.7425166419624152,0.553440161232074
0.7517547304845692,0.5130367616254713
0.7571132130473472,0.47945865552793887
0.7758075507700695,0.6125778020080868
0.7302573254945874,0.5683178191489362
0.7189946183953033,0.5457946020874104
0.7289697891336437,0.6002901462586732
0.7350000000000001,0.5366666666666666
0.7279667519181586,0.552148337595908
0.7614468864468864,0.6093874422678771
0.7267325017325017,0.5618113305613306
0.7536671846749136,0.6245496121059368
0.7341424699961285,0.591451800232288
0.7804133031126732,0.5701343779170192
0.7073732143505762,0.5496725768873529
0.735745601601112,0.5335515091693672
0.722121578099839,0.5564110305958132
0.7174320330969266,0.5206294326241134
0.7396442596942521,0.6650472539125774
0.784232411610129,0.5794303716469866
0.775204451843796,0.5773622355589569
0.7017868044653759,0.4863255131112274
0.6907085507422238,0.5816314767625288
0.7552749777532296,0.573797907269324
0.7626423377380135,0.5367481997867463
0.7767650303364589,0.5895728914362455
0.7350536368393511,0.5523940345368916
0.7418154761904762,0.5796428571428571
0.7789614698437548,0.5622319882553463
0.7455663305992253,0.5876267372977899
0.7687952572333281,0.5402980322563808
0.7387315741899596,0.563612501738284
0.6682516155342242,0.5073475437605872
0.7242145977429923,0.5810996845043077
0.6934510893559301,0.5588219325288801
0.703080492198919,0.6267401594207824
0.7299954850361198,0.5582527089783281
0.7345971101618942,0.5630506776353952
0.6830215419501134,0.5990362811791383
0.7272815652116142,0.5907521497937585
0.7395568783068783,0.537037037037037
0.7377939868350827,0.531639388009251
0.83626443001443,0.564709595959596
0.748076923076923,0.5361622073578596
0.7603145510403574,0.5646802122608574
0.6924519034496837,0.5459264645846091
0.7319037257973595,0.5836692669200065
0.7345168208305353,0.5547165965465158
0.7182994011001529,0.5343146828109234
0.682088122605364,0.48499361430395904
0.7722492164657874,0.5533210807513514
0.734048558694733,0.5695743884598374
0.7152191558441559,0.6134117336152219
0.7685885628614265,0.6094757085742842
0.7707675244010648,0.6090387459331559
0.7844522653850318,0.5774266020246621
0.7585239523095595,0.5953221603483972
0.7424002326955617,0.5215680616166103
0.7258033790325099,0.5330512267990798
0.7273640661938534,0.5843671840202831
0.7281359526045723,0.596987461057406
0.6782166154448763,0.6231955617825183
0.7482813080639167,0.6104685370989719
0.6766692042080499,0.5893851916673781
0.7297429965154874,0.5637755066878384
0.777064423578508,0.5451408450704225
0.7287502656296485,0.5753236431637554
0.7637227668845317,0.5865740740740741
0.7804401154401154,0.5473412698412699
0.7079689761307814,0.5510074604048187
0.6999638316127678,0.5982711434839094
0.7625175070028012,0.5683648459383753
0.7945558726635308,0.6388030054789211
0.7635816027290682,0.5226276258303908
0.7459261994271393,0.5670126208378088
0.720926466922278,0.5475040612382767
0.7715099480652476,0.625187440567625
0.7441425120772946,0.6097459454796412
0.7204793470418471,0.5829117063492064
0.6933444741532977,0.5526062091503268
0.7322048426959141,0.5399319551105265
0.7761959590165778,0.5425597346874508
0.7306521229181329,0.6256970834310736
0.7528601063066738,0.6043853075821524
0.7921991037131882,0.5481845619169563
0.7841928092557494,0.5748729408880466
0.7130270671714235,0.5293831516523742
0.7600829725829725,0.6194727891156463
0.779638594568262,0.6172162343198149
0.6769396551724138,0.5058117816091954
0.6719393498487575,0.4932441513190642
0.7399378109452736,0.5786318407960198
0.7835650016480922,0.5859512164702319
0.6850423763511301,0.577163514029916
0.6962632042253522,0.536368838028169
0.6578483245149911,0.5015432098765432
0.7339643304130163,0.5381205673758865
0.7470555909311591,0.6148101488946953
0.7691777721189486,0.5435751068104009
0.7284578449719294,0.5711619718309858
0.734401370357014,0.5305799975958649
0.7744325316333429,0.583321259538298
0.7556347700370472,0.5789084666124514
0.7698271785890254,0.5199903942100272
0.7614389288605317,0.5337423513381702
0.7489755873002173,0.5857454001409808
0.7428047475846042,0.5577052711564461
0.6840097881257767,0.5569773962216465
0.7969182196998748,0.5770997903724723
0.7425480769230769,0.5981356837606837
0.7851102544425526,0.6447178166213606
0.6780740349722736,0.5490519556077287
0.7259497549019608,0.590919384057971
0.7581957036917757,0.5498516961200575
0.6908258508883005,0.6158570277426039
0.8080751545303784,0.6091693408857588
0.781441041525445,0.5431655776907434
0.7058894728459946,0.5444059563624781
0.7328868295219797,0.4970372667218369
0.7517792309925568,0.5679888368858135
0.7258261932631681,0.5498913702695216
0.7467793404681858,0.5413826225959298
0.7684895570578146,0.628556654222581
0.7430445151033386,0.524054054054054
0.7224706675122878,0.6091739337244332
0.6999252549358232,0.43455111842812777
0.7958528261369736,0.6084091649244019
0.6958459818514166,0.539316490403447
0.6847222222222221,0.5178125
0.7727304758381339,0.541240919848023
0.7549158264653959,0.6039825776242129
0.7767718165259149,0.5901032179720704
0.745148315736551,0.7087292609351433
0.711502616747182,0.44756541867954913
0.732563444860285,0.5720595110414433
0.7550319303818411,0.6241388723446495
0.7005763277940696,0.605421146953405
0.7537838930287444,0.5285544081310671
0.7587546052468906,0.6192932248561467
0.7144550657762329,0.44738516522882443
0.842756662671917,0.5922715859156538
0.797542739313506,0.5795957254024091
0.7776324166030049,0.5916939218869366
0.6940530830806217,0.49032251454798786
0.7593843843843844,0.5526919776919776
0.7385695187165775,0.5279968805704099
0.7063653699291996,0.5349669578392983
0.7930555555555555,0.5156843800322062
0.8292587654067731,0.6271245533959007
0.7140832959486245,0.5426935770083872
0.8142528941401121,0.6264619883040936
0.7370658970658971,0.5512025012025012
0.7367174750715123,0.5912750551725707
0.7072270443907935,0.5630465853175748
0.7746794871794872,0.5330484330484331
0.78382304501333,0.5604680053320158
0.7355455002513825,0.5485168426344897
0.7342522109128728,0.514808034663184
0.7276515151515152,0.5896103896103896
0.7330436720142604,0.6127896613190731
0.7404194537346711,0.5311977424749164
0.6732201142390861,0.5214772031823746
0.7240895678395679,0.5371064121064121
0.7892420814479638,0.5551282051282052
0.7595428576360121,0.6057308927091963
0.7946269693517464,0.5788631248437022
0.7262778350776931,0.542572662867964
0.7991203703703703,0.6228703703703704
0.7548755277016147,0.5731633807720764
0.7496341973244147,0.5562465161649944
0.6784684065934066,0.6100503663003662
0.7198539886039886,0.5479789886039886
0.7813767387296799,0.5936253561253562
0.7449331456720619,0.576073187895848
0.7884145451109736,0.610560322613894
0.7720506345506345,0.5599343490647839
0.729680483474577,0.5100551899157313
0.7670928695364785,0.620554821118731
0.7645166577269205,0.5826375230943441
0.6919166385799348,0.6141922255926301
0.7424417230660381,0.5625050744935656
0.7315301720231298,0.6018706835608244
0.7842095588235294,0.6262867647058823
0.7761677689448916,0.5744601310639046
0.7476099419577681,0.5708671616280312
0.7889128624422742,0.6363905922729453
0.7236273873234269,0.6277414621031363
0.7593877020128118,0.5811750073163594
0.7561813186813188,0.5581959706959707
0.7475575237907379,0.5302914323681581
0.7206835717474016,0.5022051150470603
0.696741452991453,0.5393162393162393
0.7661764705882352,0.5127024722932652
0.7685155580359565,0.5676992917747132
0.7359699675324675,0.5585795454545455
0.755878286848893,0.5845246710831524
0.7532833082547978,0.5422177344843061
0.7172052302073824,0.6052182513803748
0.6910674540086306,0.5970885921936342
0.7633333333333333,0.5401785714285714
0.7375798075090527,0.5501596150181056
0.7622761439250801,0.5650312166269613
0.7155088042858738,0.6010679153666262
0.7404286116537316,0.5867776195187344
0.7303585745730893,0.5480865195234184
0.7835635014880298,0.6166347803140256
0.7322022726952304,0.5767803014281887
0.6536294719018971,0.5448328608627612
0.6895860350829295,0.6501518667667736
0.7269795230474929,0.5007955339734392
0.7410521055261843,0.5562576606433625
0.7899495192879751,0.5116548868422931
0.7498049785952117,0.6404058982083399
0.7263542340012927,0.5568261150614092
0.771232492997199,0.573744942421413
0.7350453568725124,0.577731255951945
0.7929079293203439,0.628996234846537
0.7264062684105103,0.6209473312124426
0.6942494389059971,0.5705369104163405
0.6880233685339494,0.5532225980621327
0.7677924229871206,0.6042381562099872
0.8035795454545455,0.6429734848484848
0.6986685463659148,0.5578399122807018
0.7632858563222018,0.5143144372198725
0.6818556443556443,0.5431568431568432
0.7645543404768205,0.5830841931975188
0.7271933737069378,0.5674992483637457
0.7423453499724686,0.48434412841192503
0.7143464137721726,0.5955705150742067
0.6817737100708827,0.565708425388935
0.7460397115400094,0.5584572809855717
0.8014646344367707,0.6496973485750576
0.7363383100275682,0.5443030967327642
0.7362930303154194,0.5234878063738015
0.759425396032539,0.5681909608248894
0.7755458677993889,0.5434018250919659
0.747602920679296,0.5991480500018076
0.7225557170542636,0.5556354974160207
0.7734120177516404,0.6210120068610635
0.7757568060199638,0.5090128576970683
0.6828965654159221,0.5918088498055566
0.7415815778366142,0.5736558459000038
0.8050942966164651,0.5948748902546093
0.7727757317309556,0.6341824966078697
0.7021481381338246,0.4857439860074863
0.7380461155200675,0.6249518193031144
0.7765651095392474,0.5745386159179262
0.748826920705389,0.5344391005878242
0.7585214325370191,0.5462096353195615
0.7475510063413289,0.5088289219740832
0.7230678943220936,0.4965505370992493
0.6714349376114083,0.5261077158135982
0.7234781241263628,0.5990937470878763
0.7520029321003834,0.5915835788399506
0.6851664493704976,0.5168671889855463
0.7122654759727194,0.557406397258007
0.7595936863318274,0.58891386843071
0.7534398459958225,0.5919675171134902
0.8147765756256322,0.5917073492545191
0.7636592372798177,0.5864583254685521
0.7240801886792453,0.508624213836478
0.7000911302424822,0.5215433970176335
0.7088914027149322,0.5859803921568627
0.7455086177912265,0.5574788536745059
0.76497668997669,0.5864510489510489
0.7568798884651573,0.5708009299157296
0.7079771655497642,0.5323839662447257
0.7444319319319319,0.5556566181566182
0.7001927372779775,0.575347676255857
0.740487351781647,0.563309770394592
0.7435248349954232,0.5773690803102568
0.7098823051948052,0.5286612940630797
0.7902046229632436,0.5495310723758999
0.7217389878486606,0.5173142778238056
0.7518820250501286,0.5785750974328561
0.7786261516040928,0.6106673698585463
0.7559315796376638,0.4721556374706193
0.7414161818573584,0.5538596207713855
0.7789463397517975,0.553768898355166
0.7399209333102105,0.591624307507014
0.7355165525114156,0.5828542889758643
0.7573164028418643,0.5435890545293391
0.7471564057388775,0.5532547510261628
0.7537862318840579,0.5661141304347826
0.6888132477776872,0.5896322767735968
0.7139124119887653,0.5413420030010389
0.7758641521202945,0.5688204403908236
0.7793935309973046,0.5780323450134772
0.7465246641618422,0.5280314068667932
0.7942454509190218,0.5850532388229157
0.7300807744886691,0.5020571533729428
0.7722177878427878,0.677714458964459
0.7939307106362726,0.531102301100066
0.7422858191157586,0.5530865896165841
0.7513871203423442,0.5786726333368124
0.7455686674436675,0.6107347513597514
0.779569748239825,0.5513371964778615
0.7060283687943263,0.5627608915906788
0.7265262989253672,0.5956644976831312
0.7204755234787263,0.5654234955986479
0.7484145239464388,0.5473992989950437
0.7450283446712018,0.5510997732426304
0.7524647077448802,0.5294831469400435
0.7648791017464068,0.6357499659483243
0.7551012289463377,0.5487539169604386
0.7354886185243328,0.595280612244898
0.6906465927894498,0.5277045412759699
0.7506789398093746,0.594734952343648
0.7370132676635875,0.6539766599734617
0.7158943683107045,0.6202003688799463
0.7199919228633449,0.58293990946876
0.7698647487461768,0.5882568667820879
0.6958727546962841,0.62711961241373
0.7060334967320262,0.5362908496732026
0.7590283625406765,0.5362429386601406
0.6994943810857676,0.5451701513938909
0.7509564288837318,0.5221471092725255
0.8232541402259712,0.6171281535366042
0.7337221035137701,0.5009199905033239
0.7373002283105022,0.5426141552511415
0.7657696759259259,0.5960648148148149
0.741948525107268,0.494981817806153
0.7988794172228807,0.6725059390139937
0.6951471445221445,0.5465151515151515
0.796156678969179,0.6059756216006216
0.7031164977285094,0.5583690824190425
0.7793349018988294,0.5729674475640216
0.7135037878787879,0.5185984848484848
0.7448800666511665,0.6079900669095043
0.7622916666666666,0.5921875
0.7242703576864535,0.5413332382039574
0.7668909912845223,0.54141172806941
0.7123150105708245,0.5951074700493305
0.6568773816379543,0.5520217502511824
0.7478255333754056,0.6273751397792319
0.7292348008385744,0.6280022711390636
0.7732292917166868,0.582593037214886
0.7418023598955021,0.5748539362855667
0.6815438582033062,0.6195928869679876
0.7736390692640693,0.543051948051948
0.7478159796256811,0.635939350864724
0.697146130656769,0.5376609685120324
0.7517815733198961,0.6219104813619829
0.7662499999999999,0.6365530303030303
0.8014198680080675,0.5675192305907282
0.7697172619047619,0.6647896374458875
0.7773017077739717,0.5178032085828188
0.749469787915166,0.5239445778311325
0.756762929809605,0.6170410628019323
0.7740456790547897,0.6063777059625721
0.75234339569161,0.593703231292517
0.6842532467532467,0.5539772727272727
0.7165470178749322,0.5791814814514844
0.7522746598639456,0.5569005102040816
0.7534398867396856,0.5631340071732426
0.7076019402976501,0.5386214294330172
0.7121523015552866,0.5677311639998207
0.7297760770975057,0.5899943310657596
0.7355803571428571,0.5528124999999999
0.7472144185869937,0.5577948825025625
0.7970695970695971,0.6162087912087912
0.7492821468209925,0.5867266529253211
0.77413513210927,0.5329130280638901
0.7649179696754324,0.5965707178393745
0.70844143081761,0.5311918068088597
0.7776187468682059,0.5700521432934781
0.767291407222914,0.5403549190535492
0.7469161129875416,0.5487799237799238
0.7644721181783176,0.5476482188072485
0.7391121237227285,0.5653617785142225
0.7256730004891769,0.6202782958297665
0.7772629156557729,0.5281935326578184
0.7267350311380161,0.5474797341961521
0.7618783068783068,0.5793055555555555
0.7973268921095008,0.5542512077294686
0.8110715460188269,0.6396005467176389
0.7360544217687074,0.5666808390022675
0.7261523907808737,0.5032742804724228
0.7619453477798499,0.5990317186319991
0.718485202300098,0.5787190218553174
0.7550957141749981,0.6519220336355886
0.7012121212121212,0.632256258234519
0.7329545454545454,0.5387260765550239
0.7002098014964903,0.6233436435678708
0.7507626705653021,0.5530762670565302
0.7282613045218087,0.6451330532212886
0.7816178850437576,0.6202224524506101
0.7214948176066764,0.5780761206084265
0.7175166461070112,0.5714619357817359
0.7387871057513915,0.5796092300556587
0.7378903834260977,0.6490994124922695
0.7533605833637803,0.560532365119961
0.7679590750773994,0.6311274509803921
0.7379100495832135,0.5554087022132796
0.7214089268822478,0.5235358348223149
0.7267109359132191,0.5680118631632615
0.7697440087145969,0.5118464052287581
0.7048952013237727,0.5884874670588957
0.7934444631447343,0.5719924424114557
0.671252709010586,0.4984285133783446
0.7328080028080028,0.5623911898911899
0.7349584454363867,0.6112590956340956
0.7559523809523809,0.5693452380952381
0.742770038697779,0.5983977749133904
0.7770980046948357,0.5997983354673495
0.7835068492962052,0.6112452940350258
0.743184591914569,0.5700953470633104
0.773220025715204,0.4974485695917711
0.773891806722689,0.5935512955182073
0.7772447075516129,0.6305584866965941
0.7389792663476875,0.6418181818181818
0.769889012208657,0.544260852139598
0.813640098164746,0.552801963294921
0.7554911712500865,0.5764718013481873
0.7844845823871662,0.5209797612816922
0.7379139498970487,0.6209427190574238
0.7429227415666095,0.570831546598056
0.6995328696126568,0.5270321876704855
0.7132603041216486,0.5612890989729226
0.7095490543790097,0.5555472717650664
0.7544583538969667,0.5566322463080369
0.7508112290008842,0.507683465959328
0.6929069268780592,0.55689273859405
0.810406236341557,0.5907357847066215
0.7068067333478292,0.5632383851561934
0.6819565217391305,0.5486359761295823
0.7083708483393357,0.5673185941043084
0.7160916998378298,0.5913791832522483
0.7144103001849481,0.500885379617774
0.6991188114357694,0.5889233791453914
0.6800270377257077,0.5792012885137785
0.7655537057590331,0.569070631397213
0.7060090702947845,0.5724064625850339
0.6913937511763598,0.5040989606206998
0.7522178304787001,0.5517566974088713
0.7140926883573943,0.6089249802485096
0.7294566544566544,0.5554716117216116
0.7271134971401496,0.5871206044606897
0.7551862312793038,0.5275344641104813
0.7023503437406593,0.5350403521643433
0.7779280747501087,0.5977727075184702
0.7009354947652819,0.5469233367105708
0.745105393955864,0.6137089922968885
0.6762314217886838,0.5270334371639769
0.7616129785247432,0.5861636321195145
0.7043041152631265,0.574148737509188
0.7026067604075122,0.4776429710640237
0.6952876984126983,0.47658730158730156
0.7698001977877079,0.5790401802065783
0.7942102214019936,0.6575229820557803
0.7261881977671452,0.5799202551834131
0.7298631952781113,0.6190738795518207
0.759756920102819,0.5211928812695176
0.7891328825503686,0.5597643723979094
0.7520748172922087,0.559658739006565
0.7460579004329004,0.5946834415584417
0.7063775623885918,0.5317574643493761
0.7233481926878153,0.6047830519221002
0.7538829151732377,0.598158861877305
0.7201225490196079,0.5210661764705882
0.7519749835710353,0.493912269328455
0.7546966259908218,0.6245100212070643
0.741623187736633,0.573080386000554
0.7243061075781665,0.545235492845787
0.7128032240564209,0.6410175928078741
0.7642308501683501,0.5429555976430976
0.7417481884057971,0.6109329710144926
0.7793394978536489,0.6070424029150444
0.7465241683991684,0.5764358108108107
0.730032922259813,0.5043699297900979
0.7519044284380418,0.6159413765506202
0.7218842370089578,0.5266575847830501
0.7446818349981503,0.5244887835065416
0.7378092006033182,0.5754565873172012
0.7494782692626769,0.6183717741317916
0.6741300366300366,0.5828373015873015
0.7929993786890339,0.5927726001863933
0.7405024509803921,0.5594873366013072
0.7644596304271134,0.6721241925477173
0.787994227994228,0.5626911976911977
0.7256379279635095,0.5903172408986362
0.7464160839160838,0.6082750582750582
0.6866148002940455,0.5355018671056406
0.7204491725768322,0.6101507092198581
0.7425789760348583,0.5394302950648858
0.767850277590578,0.5815163184750168
0.7397552125812995,0.531306857393814
0.7669103935280406,0.5682366652954889
0.7808723445113119,0.6032380389770028
0.715091706539075,0.577935606060606
0.7792829775588397,0.5754984160156574
0.7660558635558635,0.560580773080773
0.7517717358261133,0.5195888432892537
0.7523890578558097,0.568143591161494
0.7412391951687296,0.603820985100322
0.7281499169797042,0.5781777711868897
0.7145944594943241,0.6364365647574819
0.7223648280633574,0.5383011688158746
0.7037598731677679,0.5192194501405027
0.7752071150097466,0.5489096003898636
0.8141938250428817,0.6631074899942824
0.7186208470298906,0.5780581197265213
0.7388238871673086,0.5399825750335467
0.7167407449042388,0.563471898550286
0.7482449020277968,0.6110959216222374
0.7115062274909963,0.6277963685474189
0.7676587301587301,0.6419501133786848
0.7675585589005732,0.6135096427622337
0.716375755809718,0.5427689954105048
0.7771074085534015,0.6229164704774461
0.7784977703455964,0.5527832674571804
0.6893543700395038,0.557952003009818
0.7282037919396467,0.5377183839587055
0.7545860611020186,0.5515983966781839
0.6977669228813393,0.5163471317647519
0.7231648785996612,0.5755966497270845
0.724375,0.5845138888888889
0.7057286091597023,0.630602397973805
0.7304162939773405,0.5858631484794276
0.7254857048453184,0.5923226244723242
0.7862554112554112,0.5661255411255411
0.703911424668964,0.5705693284794731
0.74466681381575,0.5073523717140739
0.7219757493342399,0.5330857980622131
0.7951673598732422,0.6024817656531212
0.7800627760985818,0.5862913017644475
0.7711519607843137,0.5955147058823529
0.729670868347339,0.5678956582633053
0.7509226953256805,0.5486992347066975
0.691049636637872,0.5899432675167969
0.7590596740979496,0.5799892559763631
0.7530303030303029,0.5978030303030302
0.7892663864963178,0.6124617161094646
0.7825,0.6160606060606061
0.6868819002409466,0.5453707699500125
0.7614462583350897,0.524453198261353
0.7602532679738562,0.5485593681917211
0.785314018769901,0.5528846153846154
0.7437670273588887,0.5486276321792034
0.725572019587977,0.5833396656534955
0.7372973253161932,0.5786419241136223
0.7073798627002289,0.5372568649885584
0.7034123770965877,0.5765307499518026
0.7769658651188502,0.5773130873410723
0.734096459096459,0.5598595848595849
0.7289812306501547,0.5174067982456141
0.7296715059758678,0.5632228584091039
0.7384977914998128,0.5784508079852936
0.8035849182048186,0.5942563682364441
0.7810878067972102,0.5730281744935846
0.7600613154960981,0.5955406911928651
0.7190986455283391,0.5518542455188175
0.7330515396553132,0.5503953279424978
0.6884953560769785,0.5241522589276526
0.7716123949579832,0.5434582166199813
0.7187718701255568,0.5797881489125729
0.7515371621621622,0.5353040540540541
0.6920285514625137,0.4793946006075386
0.7286093668236525,0.5154513343799058
0.7693889136150467,0.6004505312002901
0.7276267364710761,0.527220551984703
0.7050736276135212,0.4513790066316662
0.8141679235796883,0.6239291101055807
0.7294487181412171,0.6307441529321676
0.7408525910364144,0.5469625350140056
0.7281756180733163,0.5324595055413469
0.7864795918367347,0.5605442176870749
0.6998785869981796,0.6025558110568171
0.7295928981348636,0.5972614777618365
0.7898959583833534,0.5392957182873149
0.7754238505747126,0.5823275862068966
0.745521099810736,0.6076323197358082
0.7495578231292517,0.49629251700680277
0.7354328523862375,0.5350305216426193
0.7723480779871756,0.5562176545259252
0.7581631773929525,0.4839871533461608
0.7625554208004454,0.5943557766864822
0.7076418439716312,0.5315713652482269
0.7132890365448505,0.6032069572014852
0.6825383771929824,0.4999269005847953
0.7592805260851646,0.5548581959722623
0.7384148550724638,0.5600951086956522
0.7198600925781453,0.653594724131147
0.7087585034013605,0.578448985429412
0.721079181672669,0.5696223489395759
0.7225152283454522,0.5296574020921037
0.7273409363745499,0.5404061624649861
0.7099150470999211,0.5866623676497627
0.7204839382561535,0.6259647476011682
0.752781809385583,0.5217841208407246
0.7594422981830937,0.5686655620051656
0.7640457858868185,0.618929721647113
0.7881434042148328,0.6549373245801817
0.7162985760250199,0.5438695101965204
0.7143416201368026,0.5907730925117624
0.7456335616438355,0.5527054794520548
0.8362122893754416,0.6109541586789089
0.7769179350061703,0.5849616070204304
0.7600694568758727,0.5817468344611125
0.7692176226835783,0.6042492708048491
0.707570028222202,0.6197999839304187
0.7492806905370843,0.5775522165387894
0.813123121219471,0.539176019226953
0.7823284595123928,0.5478605020966743
0.7426554303273578,0.5261374380063424
0.7528972356161296,0.5767056659193756
0.7877334931575267,0.5761474877634603
0.750077937983633,0.6154637310026165
0.7775490196078431,0.5664705882352942
0.7507575757575757,0.5673611111111111
0.799377366244411,0.5557516436389217
0.749608448030375,0.5904722354057902
0.7405846640921268,0.6725154731551319
0.6912115424045236,0.48129862842219995
0.7519986919851959,0.5843940791537976
0.7008842054263567,0.5426491171403962
0.7683893902105552,0.5660308996445174
0.7140432654101629,0.5543772469489936
0.8357795461243738,0.6182041457903527
0.7572565406976743,0.593687015503876
0.7507900713920388,0.5492594475666481
0.7168202186443319,0.5753535788576613
0.7181162440649117,0.5144760881531436
0.8181275116758988,0.5776311502117955
0.7227789800608196,0.6247598313636049
0.7242705167173252,0.5747112462006079
0.7362343488119886,0.6032054125998225
0.744773425499232,0.5199606374807988
0.6892911255411255,0.5349729437229437
0.7356626146617943,0.6491457851691649
0.7732585487024999,0.5866087944611807
0.796734318727491,0.5702718587434974
0.7444975314540532,0.6507326007326008
0.7426093680954485,0.6151789659743703
0.742852884397002,0.5849248483177054
0.7558169129720853,0.5409688013136289
0.7328082566559737,0.6303793618136497
0.7480634427684117,0.5768539879720004
0.7207966949462441,0.5090286716948117
0.7662246691480563,0.5760778535980149
0.7255726021170206,0.5328945873108644
0.7039412858561794,0.5480076062522871
0.7613118220261078,0.5322003125574555
0.7884369531178042,0.6044722298977618
0.785116792929293,0.6483322811447811
0.7003815039529325,0.5592480235337378
0.7325654451820764,0.5633953132669017
0.7749957191780822,0.5267936643835617
0.7840402962260173,0.6164742778831963
0.7147782705099779,0.5743385070214339
0.6871118808669172,0.4847704586193132
0.7894940880015506,0.5717944369063772
0.7379135015927468,0.6223643102180838
0.7068140508929982,0.5438003793266951
0.6860034268579995,0.49734418505033196
0.7150634085260225,0.5667989442896236
0.6984715681144252,0.554950505843363
0.6782233823762063,0.6195986921900543
0.7429771015096924,0.5622413125688592
0.678428160321753,0.49196397614589826
0.6961535664489984,0.5727755459259929
0.7639147891266257,0.5178887943757406
0.7407757885763001,0.6179113384484228
0.7131822291632418,0.5292454381061976
0.7476290460083052,0.5612003960069301
0.7606793439206668,0.5567855346363898
0.7670945157726199,0.6375368064351631
0.7101918158567776,0.6014919011082694
0.7539551739518288,0.5897323818019625
0.8006706528765353,0.6075852456367163
0.7534990573233742,0.5299079451088755
0.7389260215442854,0.5947859836886934
0.720815533571288,0.5482237711137967
0.730204081632653,0.568265306122449
0.7089087956622172,0.5237356650790082
0.7800232045039561,0.5299804093122338
0.7535081053698076,0.6072357311719013
0.764867012378722,0.5450108732017397
0.7562500000000001,0.5759615384615384
0.7209589300174744,0.5058742754549717
0.7637084694989107,0.5874775326797386
0.7551455459434183,0.5863689501987375
0.7243625859434683,0.5518597211611918
0.7459687323205144,0.5678895696209518
0.8192722371967656,0.6085309973045822
0.7583653846153846,0.61625
0.6927583541475908,0.5442079475245933
0.7160258490157905,0.5637133625351503
0.7299800507521096,0.5620751549060373
0.6946414194643888,0.5145755110554859
0.7553008652853854,0.5432672461697229
0.7538513690840696,0.5734756364272592
0.7496616152684632,0.5267257466724213
0.7442859088079676,0.5564163165266106
0.7305335968379446,0.5278326745718049
0.7039703874381293,0.5797064345451443
0.7406442187949037,0.566854583772392
0.7366943572300716,0.5537390436944009
0.7094182004050085,0.5318764119692069
0.7867579889715652,0.5870710702896624
0.7081754284905812,0.5760751244470624
0.7114317094812473,0.5584308540628955
0.7335796007905806,0.5528722763244903
0.783363695128401,0.626708585532115
0.7312450848219301,0.6517884728040189
0.7532916392363396,0.6019955562870309
0.7279663568903971,0.554230721043099
0.7153572279114075,0.6370844248630627
0.6825886524822695,0.5518683510638298
0.6953165909478427,0.6420635665946263
0.7023340476025899,0.5440701251123246
0.7238840612002376,0.6130886066547832
0.7400990962422704,0.5756445219597273
0.760360723236663,0.5625522138680032
0.711768015222967,0.5143881856540085
0.7757523148148148,0.55078125
0.7525245872848613,0.5745741131015103
0.7549145299145299,0.6263888888888889
0.7237708858140752,0.5764758877611867
0.7607169280141435,0.5561873054306468
0.7380125022982166,0.5286024544953116
0.7587470254559504,0.5996557870797221
0.7176647795466026,0.5570591956518485
0.706561592501441,0.5587721392347211
0.7020306324110672,0.49298666007905134
0.6599034552845529,0.5247662601626016
0.7579888310438595,0.5780776123518059
0.7127147054233155,0.5071579898679288
0.7644215713364649,0.5952357925762181
0.7626855976718137,0.5685317645012966
0.7254249815225425,0.6084087829514659
0.7063711501051654,0.5512212523082088
0.7561480208025239,0.6007314157547077
0.7169977127723607,0.6018929818225592
0.7443676207263163,0.5772143066980023
0.6926348956027024,0.5452115443627013
0.767961590296496,0.6177100179694519
0.7335742415529649,0.5816648369839859
0.8041886626445449,0.5642858639182169
0.7409269162210338,0.5855266217158801
0.7437255896104302,0.5366494340794926
0.7777502777502777,0.6087186087186087
0.6997033719148036,0.5624931733699768
0.7455537210573472,0.5983213402230324
0.7321257771401244,0.5833482783357244
0.7342532595543575,0.5186721556925907
0.8125578452115275,0.6062182255426322
0.7328044282586657,0.6126190653713309
0.7859268404243421,0.581105275881998
0.7069997153176877,0.5896037578065227
0.7764453386988598,0.5577776180894892
0.7817561807331629,0.5935848252344416
0.7811755952380952,0.5513392857142857
0.7268230587379524,0.5532869612656847
0.7383121037353908,0.6409584829272019
0.7342340468796213,0.6585999889086069
0.7193772686940388,0.5775824796321691
0.7257005845367915,0.526822993417821
0.7371717347371638,0.552892057475898
0.8177588711289887,0.5790586628030063
0.7335575612192863,0.5531154710736921
0.6971153846153846,0.5614316239316239
0.743382121583647,0.567054368700294
0.7281280751294229,0.5487734244641252
0.7141389889289049,0.5444394424436441
0.7324997863138281,0.49310528745063853
0.6917622753530166,0.5164239676936243
0.6686161499991287,0.6034399486527147
0.7576623376623377,0.54995670995671
0.8008075258075258,0.5805421430421431
0.7387627551020408,0.547219387755102
0.7690317584714137,0.5639834303627407
0.7527651515151516,0.5656376262626263
0.7720098830173456,0.6211913872828052
0.8422252478704092,0.6281565656565656
0.729245403864345,0.5049724866867533
0.7369698716543911,0.5119571037912931
0.7343357365475056,0.5868838242139999
0.7295918367346939,0.6792168149311006
0.7757757885763001,0.5324377190489723
0.7812910524011094,0.6092814917530287
0.7844966344746854,0.606823419666374
0.7810773733308944,0.5149053411377356
0.7429045893719808,0.5767159822866345
0.7929590017825311,0.5559566250742721
0.7292664092664094,0.6027606177606177
0.7811678169890446,0.6774361328307641
0.7092226890756304,0.6252521008403361
0.7619131798388226,0.5784409084548201
0.712346292813514,0.5615001355461238
0.7686906919378791,0.6633252787636236
0.7876691580834321,0.5588416431197398
0.7083428973957185,0.4722704676035877
0.7973454599230996,0.6656183878233568
0.7923607793173011,0.6342822636300897
0.723625974780156,0.5691289108432345
0.7528931702701978,0.5447684788127257
0.7363912735679977,0.6081693430831362
0.7375793650793651,0.5508531746031746
0.7426906779661018,0.5013281159921597
0.7868969133952652,0.6177005294176405
0.7273614253393665,0.5855646681749622
0.7562243333788364,0.5391160017518712
0.7183067042606516,0.5103085839598998
0.6923265131701549,0.599722315042701
0.7145486111111111,0.5682291666666666
0.7390426389991733,0.6178148375337595
0.7799692757812402,0.564758340384226
0.7063124876907214,0.5246118956868288
0.7339732009783569,0.5628673662344437
0.6960060666554724,0.5340728527273519
0.6866914916992758,0.6391449019076161
0.7462606837606838,0.568482905982906
0.7543675751222922,0.54979035639413
0.7123794629344018,0.5479061264299887
0.7561277558919067,0.545206994263598
0.6914269516250441,0.5181282693828548
0.6874628942486085,0.4960343228200371
0.8077631700615572,0.5725009742146839
0.7683747412008283,0.5831357048748353
0.7259658029878617,0.5647681294740119
0.7633765044479329,0.5290056992696744
0.7251220538720539,0.5731776094276094
0.7119374274099884,0.610253721193227
0.819593486847008,0.5656555071167747
0.7708482515813343,0.5753505166686558
0.7384853689201515,0.5172520879042618
0.7837680355160932,0.5428710450546093
0.7629111072507299,0.5138532426268275
0.757090156220591,0.5117900537465755
0.6954949209413495,0.5953281087209659
0.7464404943011687,0.5670605742296918
0.7729242896653611,0.5600770137600495
0.7392235212125688,0.5247460737978313
0.7477236745568985,0.5103821549471624
0.6909927949674494,0.5984611586570112
0.7884041781687176,0.579846749793353
0.783671785304248,0.5568850459242249
0.7852148185928596,0.584317124460388
0.7519105644105644,0.5406993531993531
0.7388491537198434,0.5312017877442754
0.7736231430261282,0.5807653167727794
0.753781512605042,0.6033413365346139
0.7850002209358844,0.5382364897706686
0.7179024257924513,0.5521146245059289
0.7313220415319531,0.5787343370490116
0.7050981055769017,0.6138360290207076
0.7451488168541686,0.5113273883258598
0.7375648676699533,0.5741537263981478
0.7172920163694424,0.6142110073752668
0.7591702910672466,0.6739996654399465
0.7446532071948275,0.5498432077233409
0.705000880482297,0.5471964407797966
0.6733038763180607,0.5632387706855793
0.7475431034482758,0.5654757343550447
0.7759927962888621,0.5455050961238235
0.7714561875246863,0.5520045270865616
0.7516757276963599,0.5199745656012118
0.7218255140790352,0.5760441631920505
0.744391144086266,0.5698102033467888
0.7874374374374375,0.6717526036674972
0.7964285714285714,0.5592261904761905
0.7114643981671619,0.5400091551308998
0.7368191740807871,0.4971732226828527
0.7282990490364243,0.606020141761679
0.7829328916086618,0.6036533262382738
0.7310101010101011,0.5784848484848485
0.73500756000756,0.5437001512001511
0.776087999302285,0.6993720565149136
0.7562799564270153,0.5714760348583878
0.7019387130765831,0.5530763282232571
0.7348934679505604,0.6123269078758263
0.7635607998139967,0.5473630163527862
0.7223669467787115,0.5370238095238095
0.7751566112312626,0.558138812240535
0.7580567700052994,0.5727676205617382
0.7514711737537824,0.5364214046822743
0.7117102955752662,0.6122939063545717
0.7179526929526929,0.610519123019123
0.7080421400226121,0.52860633974012
0.8045126473597326,0.5858556464864547
0.6886070853462157,0.6030998389694042
0.7593962585034013,0.6753135629251701
0.757766491664631,0.5498908480007949
0.6869301726824524,0.5259362706171217
0.7567512531328321,0.608529135338346
0.7927319813002389,0.6018901557192344
0.7217407712100004,0.5388127432722589
0.7232397504456328,0.570788770053476
0.7589240183579807,0.5639110379676417
0.7392094017094017,0.5976370035193564
0.6858612075908588,0.5436145388387913
0.7041479589499243,0.5688430613460393
0.7795000302370585,0.5997166650173726
0.7473846750068597,0.555588995656822
0.7495894151991713,0.5985262265750071
0.7391838972431077,0.5859335839598997
0.7172232529375386,0.5919308434836386
0.7253846744177123,0.6096849698783623
0.7090863534557856,0.5244707576373462
0.7711162800715039,0.5231628653270444
0.7246617735642308,0.5743782218347696
0.7527045517310638,0.5478706284050112
0.7437271062271062,0.513495115995116
0.7512224492774777,0.5355331338490731
0.7528368794326241,0.5687138685261339
0.7218160249997787,0.5669496994537938
0.6736333227142401,0.5629585678383066
0.7650914815078573,0.541145165693396
0.6993817002556375,0.5580804188546625
0.7466958220956947,0.5849019203875737
0.6711192810457516,0.5683823529411764
0.6662843640541148,0.5378569965294515
0.7141085459010406,0.5522183766750683
0.7671596244131456,0.5452230046948356
0.7251769080960536,0.5490204015801081
0.7977300150829563,0.598964303670186
0.7110241811328768,0.5434533763338111
0.7363446821036106,0.6135105965463108
0.7070403886893248,0.5764454959933684
0.7686251590057414,0.565939991328696
0.7315915565915566,0.5216475653975654
0.717435887225231,0.5419865157938589
0.7133003398988054,0.5023513357912335
0.7719498910675382,0.5957983193277311
0.7911720355116583,0.5668859442444347
0.7521442842871414,0.5605929784501213
0.756748531149216,0.5400461410735383
0.8186755621447986,0.5946775389177168
0.746060606060606,0.6122727272727273
0.7711908155620123,0.5062999104581255
0.7266025641025642,0.4887179487179487
0.7667887667887667,0.5234661172161172
0.7675937766410912,0.5435613810741688
0.7444655944569608,0.5554530031190558
0.7404033865920858,0.5676605954457766
0.7530333378832079,0.5624852525868154
0.703816046966732,0.4997321552116073
0.7502155529191039,0.6204138960931465
0.7525535271579897,0.5774712643678162
0.7510298260954046,0.568588316861415
0.6982133438818565,0.5774679149085794
0.7287912286126572,0.5456730571016285
0.7358406586966714,0.5575199249882794
0.7197859624330212,0.5897294353176706
0.7739641688283523,0.5488481102501923
0.7644303645371192,0.6766974452824609
0.7515612543183631,0.5576858557002391
0.7171867757485862,0.6058782727886742
0.7433341269259883,0.5204484408956609
0.788671054543533,0.5210566626156413
0.6706910569105691,0.6015040650406505
0.7375150060024008,0.5990796318527412
0.7077960025014725,0.5832942478279084
0.7539783100962678,0.6122751873192014
0.759813382339372,0.5762944822071172
0.7104246589940324,0.6161018755328218
0.7731302731302732,0.5785785785785786
0.789684804489085,0.6412905076295671
0.7106750132485427,0.5295608108108107
0.6743111729019211,0.5932160010111223
0.755174355066879,0.5953010918133723
0.7976974035259967,0.5865664752838726
0.7097659486329744,0.5565624136978735
0.7059530781464304,0.5420160050515967
0.7651497990500549,0.5712257946656925
0.7724193548387097,0.5737365591397849
0.773577449947313,0.554165569020021
0.7886108314731328,0.6263108942093054
0.7684893267651888,0.577469439883233
0.7649261153736857,0.6249289570900824
0.7767676198756555,0.6109825551754848
0.7253851540616246,0.6073529411764707
0.7487397632408637,0.5923405246772817
0.7755333520968195,0.5666070925978046
0.7390065239134388,0.5222398390616476
0.692849162973532,0.5770104685028983
0.7809626748486539,0.5643608339015269
0.7117533398338208,0.5944384162145494
0.744025054466231,0.5987309368191721
0.8260957792207793,0.6160376082251082
0.7777845097023282,0.6449374070298006
0.7722376003626004,0.6234035062160062
0.7584195197782438,0.6116207484267305
0.7046104193720877,0.5272635780307081
0.6874121873250256,0.5645399559878641
0.7432487045419985,0.5586064614988712
0.6802166071908216,0.5146349635744709
0.7767505277973258,0.524353448275862
0.7288569833225113,0.5580473747244186
0.7233796296296295,0.6193218954248366
0.7697371668974102,0.5258593858999538
0.7093467570441254,0.5656067251461988
0.7599104859335039,0.5462198713477486
0.7854250652451552,0.6281670275973124
0.7508963585434173,0.6232843137254902
0.6706721823498139,0.5702701355661881
0.7773679626532888,0.645894997212932
0.6901129592850049,0.542427117321606
0.7059707644886045,0.5495480632865151
0.6370604616978509,0.5533151880351719
0.7919099749456893,0.6162240537240538
0.7273209147357261,0.5529594391141281
0.7660270684090206,0.6104332875265616
0.7038154713940372,0.5776179604261796
0.7046251180468248,0.5273488421272183
0.7232051204423171,0.5546418140757764
0.7355186661496238,0.5593787669729845
0.7306605975723623,0.5787844304388422
0.786765557886325,0.6144905149789777
0.7160382797250464,0.5388878622635135
0.7464754017549048,0.6128857340037465
0.7084365615615615,0.5779842342342343
0.7059766193277268,0.5645087568795526
0.7232214680744092,0.6429440045248869
0.7191631392010899,0.5806855446893397
0.7296133165698383,0.5376971491101925
0.7509259259259259,0.5053703703703704
0.7117986037934668,0.6005740691956445
0.7163862893642305,0.5923425430778372
0.707987053369516,0.6513031433740388
0.770425219941349,0.5339638318670576
0.7975173859556627,0.6209678391202832
0.8294869450189953,0.6010517066946047
0.7175032175032174,0.5200155512655512
0.8062197704967463,0.5794687351452705
0.7449325236167341,0.5162820512820512
0.6694813180023822,0.4993212757046406
0.7474596109869639,0.5106032733722647
0.7531851218030795,0.574452029777734
0.7167765567765567,0.6229029304029303
0.7568789054083171,0.5666090955613015
0.7178421477926746,0.5656903972690842
0.7994883158742949,0.5594413107708837
0.7115938614510692,0.5600055296167452
0.6851957488251571,0.5567520682465305
0.7504054054054053,0.5803690647168909
0.6878255496994629,0.5714238208883868
0.7439271716343087,0.6257234983137362
0.7626984126984128,0.5792857142857143
0.8041301999187241,0.5604860691241043
0.7890072451267898,0.5993768328445748
0.790722457342879,0.5478669914990669
0.7575496949765133,0.616027497951048
0.7893495542266773,0.6060364229754348
0.7898776223776225,0.6714918414918415
0.7166258169934641,0.5599264705882353
0.7814600279884464,0.5648985697551424
0.7474208024517622,0.5680109922756982
0.7511367188936703,0.5369381919158484
0.7209513369752731,0.6208159622388346
0.7064991767015755,0.4901428278489748
0.7938866917680202,0.5964930339229443
0.7435214085634253,0.5751438908896892
0.7970564223512338,0.6079558236574747
0.7338824166030048,0.5195616883116884
0.6845647619307882,0.5812543838074677
0.7323369782105515,0.5755154707744699
0.7692592592592593,0.5438888888888889
0.6976630113422567,0.5392703797774552
0.7137200827341672,0.5532773564463704
0.7217045454545454,0.5799873737373737
0.7453860439386755,0.5415828986881619
0.7375544662309368,0.5807384064737006
0.7023204607046071,0.4980098238482385
0.7135451505016722,0.5095596432552955
0.7031628787878788,0.46539772727272727
0.7488255718954249,0.5487132352941176
0.7555840528076836,0.5766180588061927
0.7348152302352202,0.5581415475794838
0.6487470862470862,0.5506993006993006
0.8189291101055807,0.6560897435897436
0.7022044984529554,0.5350729435529121
0.7206325643825644,0.6127448471198471
0.704406374618813,0.5171160274454609
0.7642565767565767,0.6302343489843489
0.7454380019983116,0.5829011532890813
0.7703129527673138,0.5722713223220323
0.7161104826546003,0.4956557943690297
0.7300262807825832,0.5544101424353525
0.7815755523302693,0.6397892812987153
0.7323729231202478,0.5162293946373255
0.7133412495432956,0.5851324442820606
0.6929224122081264,0.5576705276705276
0.7561740728900256,0.5547674232736572
0.7129558524335653,0.5753441403763857
0.7077299463401211,0.5428118120528344
0.7041394271090944,0.5734527214468506
0.7272318262411347,0.5251957742316785
0.761750730994152,0.5823647660818714
0.7333460506844247,0.5888509295227525
0.7303734032798073,0.5018492454453046
0.7651757228946169,0.6060363599534107
0.7235504562975261,0.5738238054688916
0.7068681993681993,0.5816154791154792
0.8002548191145069,0.620559239097029
0.7516948528638439,0.5533973307250584
0.6714498299319728,0.4653273809523809
0.7624108999108999,0.6078729828729829
0.7792675040628385,0.5559366535752979
0.6970259661835749,0.5756642512077295
0.7124430745806347,0.49844652279337587
0.8067395037110889,0.5690474871681253
0.7632135515496521,0.521828220535526
0.7093383472110306,0.5150511460291879
0.7577803074634871,0.5416239972691586
0.758589992600814,0.592827992045875
0.7231115400146712,0.5528393654616747
0.7187768184196756,0.4888670852956567
0.7575980550529853,0.626596988886017
0.7905591183841958,0.6232001188633348
0.7524425722261461,0.5710532068745164
0.8197682493240991,0.6091880856264582
0.7966299578799578,0.6098075348075348
0.7472643097643097,0.5641835016835017
0.7442375886524822,0.5760114826072273
0.6900214919109185,0.5852582977955278
0.6608050801145431,0.518005552276652
0.7223167706110533,0.5913565058334467
0.7090626147129345,0.6287616079726954
0.7676847157526314,0.608569723601925
0.6716757246376812,0.5704981884057971
0.7755273141538837,0.5971712150111481
0.7202562190116828,0.5303502046763339
0.70665371809101,0.5263274424428697
0.7298434637499773,0.6142506031089587
0.7816594652399806,0.5358745406386088
0.6679767329466998,0.5815296188898095
0.7256476927184291,0.6038142743174926
0.7713329081632653,0.5887755102040817
0.7833986909753419,0.573436798068284
0.7506818516880436,0.5524565089193572
0.7275786149073754,0.5885626555290916
0.7601879081742304,0.5875204772431216
0.701458845208845,0.5320390757890757
0.7314716250777632,0.5597659040114283
0.7335375556211947,0.5688644496683486
0.7588301904930269,0.5992424026414684
0.7663375258188416,0.5828322154773435
0.7375770147046743,0.5356588351269203
0.7076086956521739,0.6046011768551814
0.770515080297689,0.6112226911916353
0.7749453103636861,0.5720125786163522
0.7499074116672801,0.5532937868053
0.7033955627705628,0.5097214706589707
0.6961478088503161,0.5369939997857066
0.7023266753509915,0.6166291447198675
0.6802530833948228,0.5223428074147924
0.7440775982846463,0.6170115081735281
0.7663690476190477,0.584311224489796
0.7903409972729086,0.5604061814070018
0.7029166666666666,0.5077083333333333
0.7637310606060606,0.6169507575757576
0.740472027972028,0.5565965284715284
0.7125304332259219,0.5515091299677766
0.7321701044527131,0.5100457111326677
0.816936091936092,0.5294502294502295
0.7246452528379773,0.5209601823185415
0.762597434687872,0.5793215232383134
0.7119828722002635,0.552068511198946
0.6958416831924294,0.583496068608009
0.7439250741424653,0.530968981403764
0.7692252715837622,0.5832904516866781
0.7077521663390987,0.6248031604470303
0.7396896566930522,0.554033250281128
0.6840686274509803,0.5894607843137255
0.7105042189388694,0.55738549013625
0.7126214493943799,0.5627586938549554
0.7747279730380356,0.5644627303365868
0.7115544871794872,0.5489903846153846
0.789665731650304,0.5771811853929667
0.6480278076142738,0.551670843776107
0.6992009132420091,0.5830796549974632
0.7439553524112348,0.5240626656067833
0.7561808561808563,0.5872895622895623
0.746842373961018,0.5534193669786891
0.7759889073596771,0.5422812863802509
0.75642082590612,0.5562747573776985
0.7259031377615882,0.6002489401557725
0.7297596263385737,0.5542290791914852
0.7719455416575232,0.5431484529295589
0.8020599804607158,0.5280780800082271
0.7476828467235952,0.5536280549955831
0.7550395256916995,0.5795736871823829
0.798633166969147,0.5622951956039524
0.7263611908177905,0.5959325681492109
0.7373563083337019,0.5359868486530721
0.7765222878489575,0.5592970367004897
0.7498828710644677,0.5528134370314843
0.779305901128241,0.5658032867469556
0.6979218939206238,0.5655156093509539
0.7550883324525512,0.5681763906822338
0.766099219823753,0.590054268736357
0.7126520486555697,0.6065060819462228
0.7741545893719808,0.5221417069243156
0.7102280346374528,0.5326768884536406
0.7242398485942583,0.5540908571165795
0.7450716845878135,0.5589579762090281
0.6580662393162393,0.5389957264957265
0.6722882951630265,0.6758026854152513
0.8119538993218571,0.5737911263879574
0.6791199413087076,0.5746867826661576
0.7048257581112604,0.5858078273367734
0.7613729030951498,0.5500092258187914
0.7294499605706503,0.5507975482113412
0.7367507593132089,0.5609671687431559
0.730720549089201,0.514014301372723
0.7203164855928201,0.497588568729334
0.741767558484175,0.6171698025828306
0.7289665874584353,0.5886693997427693
0.6839643385995969,0.5348917799525702
0.7161384976525822,0.5724438296445339
0.720995294599018,0.6159369885433715
0.7794641139959786,0.6789671299938805
0.7764465926230633,0.5346679464326523
0.7742879409828447,0.679392321444707
0.7280200501253132,0.6508813700918964
0.7179222009410001,0.6035143943179138
0.7264965986394557,0.634795918367347
0.7022700384501627,0.5333673469387755
0.6659552845528456,0.5230088828666064
0.7795012533724215,0.5766551420134685
0.7036261555823584,0.5004850938533033
0.7061804263737561,0.5002474754185491
0.7781323814792375,0.4734600423241397
0.802221797810033,0.5940739141506405
0.7456865401987354,0.5110228299252689
0.7106074622263335,0.5407536896966618
0.7688041731152127,0.6219518248699785
0.7035484464055892,0.614294332597904
0.6815520235578375,0.537675551192993
0.7309002046022485,0.632330401116273
0.7613555598630225,0.5752552174193966
0.7302797298164548,0.5645237432544798
0.7660138701707098,0.5936348831985625
0.7828230312088538,0.6190577737447066
0.777217423476167,0.5412990493500084
0.830563541205956,0.5997936016511868
0.7329522444429276,0.6209818821620063
0.7039866301130382,0.6151744740449372
0.7405929456422068,0.514509391356682
0.7711344537815126,0.5576750700280112
0.671161858974359,0.5772035256410256
0.7200927880730835,0.5381415018114525
0.6993734335839599,0.6246083959899749
0.7220221327967806,0.5775352112676057
0.7229691736834594,0.5327208505779935
0.6990980475382004,0.6113162610828146
0.770717377860235,0.6211154916512059
0.7453312629399585,0.5302268806073154
0.7569582917912927,0.5348386658207196
0.695478909492994,0.5556263708376384
0.7541817474545884,0.5820535804891249
0.7256911512470254,0.5199440927855463
0.7796341509576804,0.5443268523625666
0.7524968710888611,0.5887595605618134
0.6914282463468946,0.5433314912038316
0.8042249417249416,0.6581293706293706
0.7107953244190758,0.6222891672392228
0.7551456522385545,0.5692190912304698
0.7343281718281719,0.5646587209087209
0.707312091503268,0.5950497623291742
0.7965686274509804,0.5526960784313726
0.7902813889772825,0.5739120479963987
0.7553159931759733,0.5617033330787055
0.8054927716631726,0.5721523410202656
0.7363570428171269,0.5716203147925837
0.7403236338550817,0.6656696279418932
0.732154208218038,0.540312919302281
0.6621681108497355,0.573676066263685
0.7356859269762496,0.48313984402694077
0.7519180939833113,0.6019773825208607
0.7597728129713424,0.5818504901960784
0.731742654508612,0.5606610942249239
0.7547268907563025,0.589509414877062
0.7533496732026144,0.5984175614690321
0.7654817404817404,0.5828153328153328
0.7618231940630962,0.5816083892950478
0.7586271025823265,0.5569254915896706
0.7340114762649973,0.5795774647887324
0.7602413338077588,0.5991858736024112
0.6724969972546329,0.4748582770181088
0.7609113177086233,0.5731383028076231
0.7431671412745356,0.6801367151279123
0.7181105212355212,0.5859636422136423
0.7116073595939534,0.5130620839310015
0.741505222367015,0.5410182561512517
0.779122150997151,0.5887197293447294
0.7834749384464261,0.6144545651702451
0.7709935897435897,0.5716320716320716
0.7348888171869538,0.5431182947487295
0.7243843843843843,0.49858858858858857
0.7466051805337519,0.5575156985871272
0.7676412231559291,0.6098437986305633
0.669021879021879,0.5307317521603235
0.7604854668714459,0.5758934413245453
0.7909810777457837,0.6207836281365693
0.7419561804654972,0.5469302436693741
0.817994765264993,0.5894039698045982
0.7004610797021511,0.5790877612306183
0.7653591924574707,0.6109705569219558
0.7919858567013418,0.5472020421880497
0.7209281218355887,0.5844095208505937
0.7393524017212174,0.5146826262193578
0.7642775974025974,0.5523863636363637
0.6598080065359477,0.5548080065359478
0.6934696509164594,0.5533699456571797
0.6736400124697997,0.5723280856259579
0.8372494172494173,0.6338228438228438
0.7267910999962535,0.6249432158780114
0.6788870851370852,0.5595869408369409
0.7292780748663101,0.5936306340718105
0.7835714285714286,0.6085714285714285
0.731086117242596,0.5612528613595976
0.7141592755792655,0.5053217796112554
0.7761765156154317,0.6602401638089406
0.7402281746031746,0.607390873015873
0.7473500815851455,0.581483506644667
0.7776344596980339,0.5851552099124604
0.7835344827586206,0.522179802955665
0.7706257210599468,0.5913213906123673
0.7479656254561378,0.5997573346956648
0.741529304029304,0.5196040372670807
0.7297488226059655,0.5984519448805163
0.7365094412629624,0.5638899330046211
0.695406683833408,0.5650240707568294
0.7172531558692273,0.5845985276788848
0.7862333049161693,0.5787766410912191
0.8374328052899482,0.6362078397792684
0.7087858220211162,0.6119343891402715
0.7587627579281153,0.5902045225002805
0.75109403410487,0.5350975477910462
0.8330026455026455,0.6057581018518519
0.6686469679128643,0.5125018398586988
0.7227821094287936,0.5626226647763576
0.6973662835620813,0.5856013765041471
0.7362816934827804,0.5710610537376841
0.6665794944742313,0.5299244993981836
0.7784797395379701,0.5683548410032172
