endpoint,endpoint_label,acquisition_id,animal_id,condition,radial_shell,shell_dapi_nuclei,shell_positive_nuclei,occurrence,occurrence_percent,arcsin_sqrt_occurrence,experimental_unit,ventricle_exclusion_applied,ventricle_exclusion_source
cfos,c-FOS-positive nuclei / DAPI nuclei,2026-07-09_FR4-1_Allulose,FR4-1,Allulose,1,211,23,0.10900473933649289,10.90047393364929,0.33647165321698164,biological animal (one acquisition per animal),True,accepted per-acquisition DAPI-only HIL 3V mask
cfos,c-FOS-positive nuclei / DAPI nuclei,2026-07-09_FR4-1_Allulose,FR4-1,Allulose,2,211,24,0.11374407582938388,11.374407582938389,0.3440044863842882,biological animal (one acquisition per animal),True,accepted per-acquisition DAPI-only HIL 3V mask
cfos,c-FOS-positive nuclei / DAPI nuclei,2026-07-09_FR4-1_Allulose,FR4-1,Allulose,3,210,14,0.06666666666666667,6.666666666666667,0.2611574109030243,biological animal (one acquisition per animal),True,accepted per-acquisition DAPI-only HIL 3V mask
cfos,c-FOS-positive nuclei / DAPI nuclei,2026-07-09_FR4-1_Allulose,FR4-1,Allulose,4,211,5,0.023696682464454975,2.3696682464454977,0.154551811051811,biological animal (one acquisition per animal),True,accepted per-acquisition DAPI-only HIL 3V mask
cfos,c-FOS-positive nuclei / DAPI nuclei,2026-07-09_FR4-1_Allulose,FR4-1,Allulose,5,211,6,0.02843601895734597,2.843601895734597,0.16943942486088487,biological animal (one acquisition per animal),True,accepted per-acquisition DAPI-only HIL 3V mask
cfos,c-FOS-positive nuclei / DAPI nuclei,2026-07-09_FR4-1_Allulose,FR4-1,Allulose,6,211,8,0.037914691943127965,3.7914691943127963,0.19596887191707338,biological animal (one acquisition per animal),True,accepted per-acquisition DAPI-only HIL 3V mask
cfos,c-FOS-positive nuclei / DAPI nuclei,2026-07-09_FR5-1_Allulose,FR5-1,Allulose,1,232,41,0.17672413793103448,17.67241379310345,0.43387036590245465,biological animal (one acquisition per animal),True,accepted per-acquisition DAPI-only HIL 3V mask
cfos,c-FOS-positive nuclei / DAPI nuclei,2026-07-09_FR5-1_Allulose,FR5-1,Allulose,2,232,41,0.17672413793103448,17.67241379310345,0.43387036590245465,biological animal (one acquisition per animal),True,accepted per-acquisition DAPI-only HIL 3V mask
cfos,c-FOS-positive nuclei / DAPI nuclei,2026-07-09_FR5-1_Allulose,FR5-1,Allulose,3,231,13,0.05627705627705628,5.627705627705628,0.23951125069540607,biological animal (one acquisition per animal),True,accepted per-acquisition DAPI-only HIL 3V mask
cfos,c-FOS-positive nuclei / DAPI nuclei,2026-07-09_FR5-1_Allulose,FR5-1,Allulose,4,232,9,0.03879310344827586,3.8793103448275863,0.19825585299001852,biological animal (one acquisition per animal),True,accepted per-acquisition DAPI-only HIL 3V mask
cfos,c-FOS-positive nuclei / DAPI nuclei,2026-07-09_FR5-1_Allulose,FR5-1,Allulose,5,232,8,0.034482758620689655,3.4482758620689653,0.1867794610815936,biological animal (one acquisition per animal),True,accepted per-acquisition DAPI-only HIL 3V mask
cfos,c-FOS-positive nuclei / DAPI nuclei,2026-07-09_FR5-1_Allulose,FR5-1,Allulose,6,232,11,0.04741379310344827,4.741379310344827,0.21950557176997865,biological animal (one acquisition per animal),True,accepted per-acquisition DAPI-only HIL 3V mask
cfos,c-FOS-positive nuclei / DAPI nuclei,2026-07-09_FR5-2_Allulose,FR5-2,Allulose,1,254,28,0.11023622047244094,11.023622047244094,0.3384425593258029,biological animal (one acquisition per animal),True,accepted per-acquisition DAPI-only HIL 3V mask
cfos,c-FOS-positive nuclei / DAPI nuclei,2026-07-09_FR5-2_Allulose,FR5-2,Allulose,2,254,30,0.11811023622047244,11.811023622047244,0.35082396191863313,biological animal (one acquisition per animal),True,accepted per-acquisition DAPI-only HIL 3V mask
cfos,c-FOS-positive nuclei / DAPI nuclei,2026-07-09_FR5-2_Allulose,FR5-2,Allulose,3,253,29,0.11462450592885376,11.462450592885375,0.3453886606423852,biological animal (one acquisition per animal),True,accepted per-acquisition DAPI-only HIL 3V mask
cfos,c-FOS-positive nuclei / DAPI nuclei,2026-07-09_FR5-2_Allulose,FR5-2,Allulose,4,254,18,0.07086614173228346,7.086614173228346,0.2694558412158978,biological animal (one acquisition per animal),True,accepted per-acquisition DAPI-only HIL 3V mask
cfos,c-FOS-positive nuclei / DAPI nuclei,2026-07-09_FR5-2_Allulose,FR5-2,Allulose,5,254,16,0.06299212598425197,6.299212598425196,0.25369492608760386,biological animal (one acquisition per animal),True,accepted per-acquisition DAPI-only HIL 3V mask
cfos,c-FOS-positive nuclei / DAPI nuclei,2026-07-09_FR5-2_Allulose,FR5-2,Allulose,6,254,17,0.06692913385826772,6.692913385826772,0.261683035850958,biological animal (one acquisition per animal),True,accepted per-acquisition DAPI-only HIL 3V mask
cfos,c-FOS-positive nuclei / DAPI nuclei,2026-07-10_FR4-3_Sucrose,FR4-3,Sucrose,1,225,29,0.1288888888888889,12.88888888888889,0.36720802055783713,biological animal (one acquisition per animal),True,accepted per-acquisition DAPI-only HIL 3V mask
cfos,c-FOS-positive nuclei / DAPI nuclei,2026-07-10_FR4-3_Sucrose,FR4-3,Sucrose,2,225,26,0.11555555555555555,11.555555555555555,0.34684739181540725,biological animal (one acquisition per animal),True,accepted per-acquisition DAPI-only HIL 3V mask
cfos,c-FOS-positive nuclei / DAPI nuclei,2026-07-10_FR4-3_Sucrose,FR4-3,Sucrose,3,224,7,0.03125,3.125,0.17771060084511175,biological animal (one acquisition per animal),True,accepted per-acquisition DAPI-only HIL 3V mask
cfos,c-FOS-positive nuclei / DAPI nuclei,2026-07-10_FR4-3_Sucrose,FR4-3,Sucrose,4,225,6,0.02666666666666667,2.666666666666667,0.16403394102297522,biological animal (one acquisition per animal),True,accepted per-acquisition DAPI-only HIL 3V mask
cfos,c-FOS-positive nuclei / DAPI nuclei,2026-07-10_FR4-3_Sucrose,FR4-3,Sucrose,5,225,6,0.02666666666666667,2.666666666666667,0.16403394102297522,biological animal (one acquisition per animal),True,accepted per-acquisition DAPI-only HIL 3V mask
cfos,c-FOS-positive nuclei / DAPI nuclei,2026-07-10_FR4-3_Sucrose,FR4-3,Sucrose,6,225,12,0.05333333333333334,5.333333333333334,0.233043798989416,biological animal (one acquisition per animal),True,accepted per-acquisition DAPI-only HIL 3V mask
cfos,c-FOS-positive nuclei / DAPI nuclei,2026-07-09_FR5-3_Sucrose,FR5-3,Sucrose,1,211,16,0.07582938388625593,7.5829383886255926,0.27897597217552017,biological animal (one acquisition per animal),True,accepted per-acquisition DAPI-only HIL 3V mask
cfos,c-FOS-positive nuclei / DAPI nuclei,2026-07-09_FR5-3_Sucrose,FR5-3,Sucrose,2,211,32,0.15165876777251186,15.165876777251185,0.40001689850730954,biological animal (one acquisition per animal),True,accepted per-acquisition DAPI-only HIL 3V mask
cfos,c-FOS-positive nuclei / DAPI nuclei,2026-07-09_FR5-3_Sucrose,FR5-3,Sucrose,3,211,2,0.009478672985781991,0.9478672985781991,0.09751294132791047,biological animal (one acquisition per animal),True,accepted per-acquisition DAPI-only HIL 3V mask
cfos,c-FOS-positive nuclei / DAPI nuclei,2026-07-09_FR5-3_Sucrose,FR5-3,Sucrose,4,211,5,0.023696682464454975,2.3696682464454977,0.154551811051811,biological animal (one acquisition per animal),True,accepted per-acquisition DAPI-only HIL 3V mask
cfos,c-FOS-positive nuclei / DAPI nuclei,2026-07-09_FR5-3_Sucrose,FR5-3,Sucrose,5,211,8,0.037914691943127965,3.7914691943127963,0.19596887191707338,biological animal (one acquisition per animal),True,accepted per-acquisition DAPI-only HIL 3V mask
cfos,c-FOS-positive nuclei / DAPI nuclei,2026-07-09_FR5-3_Sucrose,FR5-3,Sucrose,6,212,17,0.08018867924528301,8.018867924528301,0.2871041056969749,biological animal (one acquisition per animal),True,accepted per-acquisition DAPI-only HIL 3V mask
cfos,c-FOS-positive nuclei / DAPI nuclei,2026-07-09_FR5-4_Sucrose,FR5-4,Sucrose,1,251,12,0.04780876494023904,4.780876494023905,0.22043298864350797,biological animal (one acquisition per animal),True,accepted per-acquisition DAPI-only HIL 3V mask
cfos,c-FOS-positive nuclei / DAPI nuclei,2026-07-09_FR5-4_Sucrose,FR5-4,Sucrose,2,250,12,0.048,4.8,0.22088071207502935,biological animal (one acquisition per animal),True,accepted per-acquisition DAPI-only HIL 3V mask
cfos,c-FOS-positive nuclei / DAPI nuclei,2026-07-09_FR5-4_Sucrose,FR5-4,Sucrose,3,250,5,0.02,2.0,0.1418970546041639,biological animal (one acquisition per animal),True,accepted per-acquisition DAPI-only HIL 3V mask
cfos,c-FOS-positive nuclei / DAPI nuclei,2026-07-09_FR5-4_Sucrose,FR5-4,Sucrose,4,250,6,0.024,2.4,0.15554580089598066,biological animal (one acquisition per animal),True,accepted per-acquisition DAPI-only HIL 3V mask
cfos,c-FOS-positive nuclei / DAPI nuclei,2026-07-09_FR5-4_Sucrose,FR5-4,Sucrose,5,250,10,0.04,4.0,0.2013579207903308,biological animal (one acquisition per animal),True,accepted per-acquisition DAPI-only HIL 3V mask
cfos,c-FOS-positive nuclei / DAPI nuclei,2026-07-09_FR5-4_Sucrose,FR5-4,Sucrose,6,251,24,0.09561752988047809,9.56175298804781,0.3143736121827376,biological animal (one acquisition per animal),True,accepted per-acquisition DAPI-only HIL 3V mask
cfos,c-FOS-positive nuclei / DAPI nuclei,2026-07-10_AGUA-M_Water,AGUA-M,Water,1,256,22,0.0859375,8.59375,0.297520961413772,biological animal (one acquisition per animal),True,accepted per-acquisition DAPI-only HIL 3V mask
cfos,c-FOS-positive nuclei / DAPI nuclei,2026-07-10_AGUA-M_Water,AGUA-M,Water,2,255,23,0.09019607843137255,9.019607843137255,0.3050350628161863,biological animal (one acquisition per animal),True,accepted per-acquisition DAPI-only HIL 3V mask
cfos,c-FOS-positive nuclei / DAPI nuclei,2026-07-10_AGUA-M_Water,AGUA-M,Water,3,255,22,0.08627450980392157,8.627450980392156,0.29812164823585174,biological animal (one acquisition per animal),True,accepted per-acquisition DAPI-only HIL 3V mask
cfos,c-FOS-positive nuclei / DAPI nuclei,2026-07-10_AGUA-M_Water,AGUA-M,Water,4,256,9,0.03515625,3.515625,0.1886163861754041,biological animal (one acquisition per animal),True,accepted per-acquisition DAPI-only HIL 3V mask
cfos,c-FOS-positive nuclei / DAPI nuclei,2026-07-10_AGUA-M_Water,AGUA-M,Water,5,255,8,0.03137254901960784,3.1372549019607843,0.17806243464096005,biological animal (one acquisition per animal),True,accepted per-acquisition DAPI-only HIL 3V mask
cfos,c-FOS-positive nuclei / DAPI nuclei,2026-07-10_AGUA-M_Water,AGUA-M,Water,6,256,8,0.03125,3.125,0.17771060084511175,biological animal (one acquisition per animal),True,accepted per-acquisition DAPI-only HIL 3V mask
cfos,c-FOS-positive nuclei / DAPI nuclei,2026-07-10_FR5-5_Water,FR5-5,Water,1,192,30,0.15625,15.625,0.40637778068433034,biological animal (one acquisition per animal),True,accepted per-acquisition DAPI-only HIL 3V mask
cfos,c-FOS-positive nuclei / DAPI nuclei,2026-07-10_FR5-5_Water,FR5-5,Water,2,192,34,0.17708333333333334,17.708333333333336,0.43434102559486537,biological animal (one acquisition per animal),True,accepted per-acquisition DAPI-only HIL 3V mask
cfos,c-FOS-positive nuclei / DAPI nuclei,2026-07-10_FR5-5_Water,FR5-5,Water,3,191,17,0.08900523560209424,8.900523560209423,0.3029503072188489,biological animal (one acquisition per animal),True,accepted per-acquisition DAPI-only HIL 3V mask
cfos,c-FOS-positive nuclei / DAPI nuclei,2026-07-10_FR5-5_Water,FR5-5,Water,4,192,11,0.057291666666666664,5.729166666666666,0.24170331663804692,biological animal (one acquisition per animal),True,accepted per-acquisition DAPI-only HIL 3V mask
cfos,c-FOS-positive nuclei / DAPI nuclei,2026-07-10_FR5-5_Water,FR5-5,Water,5,192,8,0.041666666666666664,4.166666666666666,0.20556893116117386,biological animal (one acquisition per animal),True,accepted per-acquisition DAPI-only HIL 3V mask
cfos,c-FOS-positive nuclei / DAPI nuclei,2026-07-10_FR5-5_Water,FR5-5,Water,6,192,13,0.06770833333333333,6.770833333333333,0.26323787619296213,biological animal (one acquisition per animal),True,accepted per-acquisition DAPI-only HIL 3V mask
cfos,c-FOS-positive nuclei / DAPI nuclei,2026-07-10_NPY-M_Water,NPY-M,Water,1,192,3,0.015625,1.5625,0.1253278311680654,biological animal (one acquisition per animal),True,accepted per-acquisition DAPI-only HIL 3V mask
cfos,c-FOS-positive nuclei / DAPI nuclei,2026-07-10_NPY-M_Water,NPY-M,Water,2,192,2,0.010416666666666666,1.0416666666666665,0.1022400994842674,biological animal (one acquisition per animal),True,accepted per-acquisition DAPI-only HIL 3V mask
cfos,c-FOS-positive nuclei / DAPI nuclei,2026-07-10_NPY-M_Water,NPY-M,Water,3,191,1,0.005235602094240838,0.5235602094240838,0.07242074889695373,biological animal (one acquisition per animal),True,accepted per-acquisition DAPI-only HIL 3V mask
cfos,c-FOS-positive nuclei / DAPI nuclei,2026-07-10_NPY-M_Water,NPY-M,Water,4,192,2,0.010416666666666666,1.0416666666666665,0.1022400994842674,biological animal (one acquisition per animal),True,accepted per-acquisition DAPI-only HIL 3V mask
cfos,c-FOS-positive nuclei / DAPI nuclei,2026-07-10_NPY-M_Water,NPY-M,Water,5,192,2,0.010416666666666666,1.0416666666666665,0.1022400994842674,biological animal (one acquisition per animal),True,accepted per-acquisition DAPI-only HIL 3V mask
cfos,c-FOS-positive nuclei / DAPI nuclei,2026-07-10_NPY-M_Water,NPY-M,Water,6,192,1,0.005208333333333333,0.5208333333333333,0.07223157744686826,biological animal (one acquisition per animal),True,accepted per-acquisition DAPI-only HIL 3V mask
double,c-FOS and ACTH/CLIP double-positive nuclei / DAPI nuclei,2026-07-09_FR4-1_Allulose,FR4-1,Allulose,1,211,12,0.05687203791469194,5.687203791469194,0.24079893877705838,biological animal (one acquisition per animal),True,accepted per-acquisition DAPI-only HIL 3V mask
double,c-FOS and ACTH/CLIP double-positive nuclei / DAPI nuclei,2026-07-09_FR4-1_Allulose,FR4-1,Allulose,2,211,10,0.04739336492890995,4.739336492890995,0.21945750559893454,biological animal (one acquisition per animal),True,accepted per-acquisition DAPI-only HIL 3V mask
double,c-FOS and ACTH/CLIP double-positive nuclei / DAPI nuclei,2026-07-09_FR4-1_Allulose,FR4-1,Allulose,3,210,2,0.009523809523809525,0.9523809523809524,0.09774557973398158,biological animal (one acquisition per animal),True,accepted per-acquisition DAPI-only HIL 3V mask
double,c-FOS and ACTH/CLIP double-positive nuclei / DAPI nuclei,2026-07-09_FR4-1_Allulose,FR4-1,Allulose,4,211,0,0.0,0.0,0.0,biological animal (one acquisition per animal),True,accepted per-acquisition DAPI-only HIL 3V mask
double,c-FOS and ACTH/CLIP double-positive nuclei / DAPI nuclei,2026-07-09_FR4-1_Allulose,FR4-1,Allulose,5,211,2,0.009478672985781991,0.9478672985781991,0.09751294132791047,biological animal (one acquisition per animal),True,accepted per-acquisition DAPI-only HIL 3V mask
double,c-FOS and ACTH/CLIP double-positive nuclei / DAPI nuclei,2026-07-09_FR4-1_Allulose,FR4-1,Allulose,6,211,0,0.0,0.0,0.0,biological animal (one acquisition per animal),True,accepted per-acquisition DAPI-only HIL 3V mask
double,c-FOS and ACTH/CLIP double-positive nuclei / DAPI nuclei,2026-07-09_FR5-1_Allulose,FR5-1,Allulose,1,232,2,0.008620689655172414,0.8620689655172413,0.09298159109019823,biological animal (one acquisition per animal),True,accepted per-acquisition DAPI-only HIL 3V mask
double,c-FOS and ACTH/CLIP double-positive nuclei / DAPI nuclei,2026-07-09_FR5-1_Allulose,FR5-1,Allulose,2,232,0,0.0,0.0,0.0,biological animal (one acquisition per animal),True,accepted per-acquisition DAPI-only HIL 3V mask
double,c-FOS and ACTH/CLIP double-positive nuclei / DAPI nuclei,2026-07-09_FR5-1_Allulose,FR5-1,Allulose,3,231,1,0.004329004329004329,0.4329004329004329,0.06584273347372105,biological animal (one acquisition per animal),True,accepted per-acquisition DAPI-only HIL 3V mask
double,c-FOS and ACTH/CLIP double-positive nuclei / DAPI nuclei,2026-07-09_FR5-1_Allulose,FR5-1,Allulose,4,232,0,0.0,0.0,0.0,biological animal (one acquisition per animal),True,accepted per-acquisition DAPI-only HIL 3V mask
double,c-FOS and ACTH/CLIP double-positive nuclei / DAPI nuclei,2026-07-09_FR5-1_Allulose,FR5-1,Allulose,5,232,1,0.004310344827586207,0.43103448275862066,0.06570047281543444,biological animal (one acquisition per animal),True,accepted per-acquisition DAPI-only HIL 3V mask
double,c-FOS and ACTH/CLIP double-positive nuclei / DAPI nuclei,2026-07-09_FR5-1_Allulose,FR5-1,Allulose,6,232,1,0.004310344827586207,0.43103448275862066,0.06570047281543444,biological animal (one acquisition per animal),True,accepted per-acquisition DAPI-only HIL 3V mask
double,c-FOS and ACTH/CLIP double-positive nuclei / DAPI nuclei,2026-07-09_FR5-2_Allulose,FR5-2,Allulose,1,254,6,0.023622047244094488,2.3622047244094486,0.15430627699842717,biological animal (one acquisition per animal),True,accepted per-acquisition DAPI-only HIL 3V mask
double,c-FOS and ACTH/CLIP double-positive nuclei / DAPI nuclei,2026-07-09_FR5-2_Allulose,FR5-2,Allulose,2,254,7,0.027559055118110236,2.7559055118110236,0.1667813257766673,biological animal (one acquisition per animal),True,accepted per-acquisition DAPI-only HIL 3V mask
double,c-FOS and ACTH/CLIP double-positive nuclei / DAPI nuclei,2026-07-09_FR5-2_Allulose,FR5-2,Allulose,3,253,2,0.007905138339920948,0.7905138339920948,0.08902840566541745,biological animal (one acquisition per animal),True,accepted per-acquisition DAPI-only HIL 3V mask
double,c-FOS and ACTH/CLIP double-positive nuclei / DAPI nuclei,2026-07-09_FR5-2_Allulose,FR5-2,Allulose,4,254,4,0.015748031496062992,1.574803149606299,0.1258228904110299,biological animal (one acquisition per animal),True,accepted per-acquisition DAPI-only HIL 3V mask
double,c-FOS and ACTH/CLIP double-positive nuclei / DAPI nuclei,2026-07-09_FR5-2_Allulose,FR5-2,Allulose,5,254,0,0.0,0.0,0.0,biological animal (one acquisition per animal),True,accepted per-acquisition DAPI-only HIL 3V mask
double,c-FOS and ACTH/CLIP double-positive nuclei / DAPI nuclei,2026-07-09_FR5-2_Allulose,FR5-2,Allulose,6,254,0,0.0,0.0,0.0,biological animal (one acquisition per animal),True,accepted per-acquisition DAPI-only HIL 3V mask
double,c-FOS and ACTH/CLIP double-positive nuclei / DAPI nuclei,2026-07-10_FR4-3_Sucrose,FR4-3,Sucrose,1,225,6,0.02666666666666667,2.666666666666667,0.16403394102297522,biological animal (one acquisition per animal),True,accepted per-acquisition DAPI-only HIL 3V mask
double,c-FOS and ACTH/CLIP double-positive nuclei / DAPI nuclei,2026-07-10_FR4-3_Sucrose,FR4-3,Sucrose,2,225,7,0.03111111111111111,3.111111111111111,0.17731104781930213,biological animal (one acquisition per animal),True,accepted per-acquisition DAPI-only HIL 3V mask
double,c-FOS and ACTH/CLIP double-positive nuclei / DAPI nuclei,2026-07-10_FR4-3_Sucrose,FR4-3,Sucrose,3,224,1,0.004464285714285714,0.4464285714285714,0.06686512438840016,biological animal (one acquisition per animal),True,accepted per-acquisition DAPI-only HIL 3V mask
double,c-FOS and ACTH/CLIP double-positive nuclei / DAPI nuclei,2026-07-10_FR4-3_Sucrose,FR4-3,Sucrose,4,225,0,0.0,0.0,0.0,biological animal (one acquisition per animal),True,accepted per-acquisition DAPI-only HIL 3V mask
double,c-FOS and ACTH/CLIP double-positive nuclei / DAPI nuclei,2026-07-10_FR4-3_Sucrose,FR4-3,Sucrose,5,225,0,0.0,0.0,0.0,biological animal (one acquisition per animal),True,accepted per-acquisition DAPI-only HIL 3V mask
double,c-FOS and ACTH/CLIP double-positive nuclei / DAPI nuclei,2026-07-10_FR4-3_Sucrose,FR4-3,Sucrose,6,225,0,0.0,0.0,0.0,biological animal (one acquisition per animal),True,accepted per-acquisition DAPI-only HIL 3V mask
double,c-FOS and ACTH/CLIP double-positive nuclei / DAPI nuclei,2026-07-09_FR5-3_Sucrose,FR5-3,Sucrose,1,211,0,0.0,0.0,0.0,biological animal (one acquisition per animal),True,accepted per-acquisition DAPI-only HIL 3V mask
double,c-FOS and ACTH/CLIP double-positive nuclei / DAPI nuclei,2026-07-09_FR5-3_Sucrose,FR5-3,Sucrose,2,211,0,0.0,0.0,0.0,biological animal (one acquisition per animal),True,accepted per-acquisition DAPI-only HIL 3V mask
double,c-FOS and ACTH/CLIP double-positive nuclei / DAPI nuclei,2026-07-09_FR5-3_Sucrose,FR5-3,Sucrose,3,211,0,0.0,0.0,0.0,biological animal (one acquisition per animal),True,accepted per-acquisition DAPI-only HIL 3V mask
double,c-FOS and ACTH/CLIP double-positive nuclei / DAPI nuclei,2026-07-09_FR5-3_Sucrose,FR5-3,Sucrose,4,211,0,0.0,0.0,0.0,biological animal (one acquisition per animal),True,accepted per-acquisition DAPI-only HIL 3V mask
double,c-FOS and ACTH/CLIP double-positive nuclei / DAPI nuclei,2026-07-09_FR5-3_Sucrose,FR5-3,Sucrose,5,211,1,0.004739336492890996,0.47393364928909953,0.06889733361282373,biological animal (one acquisition per animal),True,accepted per-acquisition DAPI-only HIL 3V mask
double,c-FOS and ACTH/CLIP double-positive nuclei / DAPI nuclei,2026-07-09_FR5-3_Sucrose,FR5-3,Sucrose,6,212,1,0.0047169811320754715,0.4716981132075472,0.06873439083930591,biological animal (one acquisition per animal),True,accepted per-acquisition DAPI-only HIL 3V mask
double,c-FOS and ACTH/CLIP double-positive nuclei / DAPI nuclei,2026-07-09_FR5-4_Sucrose,FR5-4,Sucrose,1,251,1,0.00398406374501992,0.398406374501992,0.06316142760841473,biological animal (one acquisition per animal),True,accepted per-acquisition DAPI-only HIL 3V mask
double,c-FOS and ACTH/CLIP double-positive nuclei / DAPI nuclei,2026-07-09_FR5-4_Sucrose,FR5-4,Sucrose,2,250,1,0.004,0.4,0.06328779298136195,biological animal (one acquisition per animal),True,accepted per-acquisition DAPI-only HIL 3V mask
double,c-FOS and ACTH/CLIP double-positive nuclei / DAPI nuclei,2026-07-09_FR5-4_Sucrose,FR5-4,Sucrose,3,250,0,0.0,0.0,0.0,biological animal (one acquisition per animal),True,accepted per-acquisition DAPI-only HIL 3V mask
double,c-FOS and ACTH/CLIP double-positive nuclei / DAPI nuclei,2026-07-09_FR5-4_Sucrose,FR5-4,Sucrose,4,250,0,0.0,0.0,0.0,biological animal (one acquisition per animal),True,accepted per-acquisition DAPI-only HIL 3V mask
double,c-FOS and ACTH/CLIP double-positive nuclei / DAPI nuclei,2026-07-09_FR5-4_Sucrose,FR5-4,Sucrose,5,250,1,0.004,0.4,0.06328779298136195,biological animal (one acquisition per animal),True,accepted per-acquisition DAPI-only HIL 3V mask
double,c-FOS and ACTH/CLIP double-positive nuclei / DAPI nuclei,2026-07-09_FR5-4_Sucrose,FR5-4,Sucrose,6,251,5,0.0199203187250996,1.9920318725099602,0.14161220040612676,biological animal (one acquisition per animal),True,accepted per-acquisition DAPI-only HIL 3V mask
double,c-FOS and ACTH/CLIP double-positive nuclei / DAPI nuclei,2026-07-10_AGUA-M_Water,AGUA-M,Water,1,256,0,0.0,0.0,0.0,biological animal (one acquisition per animal),True,accepted per-acquisition DAPI-only HIL 3V mask
double,c-FOS and ACTH/CLIP double-positive nuclei / DAPI nuclei,2026-07-10_AGUA-M_Water,AGUA-M,Water,2,255,5,0.0196078431372549,1.9607843137254901,0.14048970175352035,biological animal (one acquisition per animal),True,accepted per-acquisition DAPI-only HIL 3V mask
double,c-FOS and ACTH/CLIP double-positive nuclei / DAPI nuclei,2026-07-10_AGUA-M_Water,AGUA-M,Water,3,255,2,0.00784313725490196,0.7843137254901961,0.0886776657116453,biological animal (one acquisition per animal),True,accepted per-acquisition DAPI-only HIL 3V mask
double,c-FOS and ACTH/CLIP double-positive nuclei / DAPI nuclei,2026-07-10_AGUA-M_Water,AGUA-M,Water,4,256,2,0.0078125,0.78125,0.08850384314401546,biological animal (one acquisition per animal),True,accepted per-acquisition DAPI-only HIL 3V mask
double,c-FOS and ACTH/CLIP double-positive nuclei / DAPI nuclei,2026-07-10_AGUA-M_Water,AGUA-M,Water,5,255,0,0.0,0.0,0.0,biological animal (one acquisition per animal),True,accepted per-acquisition DAPI-only HIL 3V mask
double,c-FOS and ACTH/CLIP double-positive nuclei / DAPI nuclei,2026-07-10_AGUA-M_Water,AGUA-M,Water,6,256,0,0.0,0.0,0.0,biological animal (one acquisition per animal),True,accepted per-acquisition DAPI-only HIL 3V mask
double,c-FOS and ACTH/CLIP double-positive nuclei / DAPI nuclei,2026-07-10_FR5-5_Water,FR5-5,Water,1,192,1,0.005208333333333333,0.5208333333333333,0.07223157744686826,biological animal (one acquisition per animal),True,accepted per-acquisition DAPI-only HIL 3V mask
double,c-FOS and ACTH/CLIP double-positive nuclei / DAPI nuclei,2026-07-10_FR5-5_Water,FR5-5,Water,2,192,5,0.026041666666666668,2.604166666666667,0.16208305285821592,biological animal (one acquisition per animal),True,accepted per-acquisition DAPI-only HIL 3V mask
double,c-FOS and ACTH/CLIP double-positive nuclei / DAPI nuclei,2026-07-10_FR5-5_Water,FR5-5,Water,3,191,2,0.010471204188481676,1.0471204188481675,0.10250833327067961,biological animal (one acquisition per animal),True,accepted per-acquisition DAPI-only HIL 3V mask
double,c-FOS and ACTH/CLIP double-positive nuclei / DAPI nuclei,2026-07-10_FR5-5_Water,FR5-5,Water,4,192,2,0.010416666666666666,1.0416666666666665,0.1022400994842674,biological animal (one acquisition per animal),True,accepted per-acquisition DAPI-only HIL 3V mask
double,c-FOS and ACTH/CLIP double-positive nuclei / DAPI nuclei,2026-07-10_FR5-5_Water,FR5-5,Water,5,192,2,0.010416666666666666,1.0416666666666665,0.1022400994842674,biological animal (one acquisition per animal),True,accepted per-acquisition DAPI-only HIL 3V mask
double,c-FOS and ACTH/CLIP double-positive nuclei / DAPI nuclei,2026-07-10_FR5-5_Water,FR5-5,Water,6,192,3,0.015625,1.5625,0.1253278311680654,biological animal (one acquisition per animal),True,accepted per-acquisition DAPI-only HIL 3V mask
double,c-FOS and ACTH/CLIP double-positive nuclei / DAPI nuclei,2026-07-10_NPY-M_Water,NPY-M,Water,1,192,2,0.010416666666666666,1.0416666666666665,0.1022400994842674,biological animal (one acquisition per animal),True,accepted per-acquisition DAPI-only HIL 3V mask
double,c-FOS and ACTH/CLIP double-positive nuclei / DAPI nuclei,2026-07-10_NPY-M_Water,NPY-M,Water,2,192,0,0.0,0.0,0.0,biological animal (one acquisition per animal),True,accepted per-acquisition DAPI-only HIL 3V mask
double,c-FOS and ACTH/CLIP double-positive nuclei / DAPI nuclei,2026-07-10_NPY-M_Water,NPY-M,Water,3,191,0,0.0,0.0,0.0,biological animal (one acquisition per animal),True,accepted per-acquisition DAPI-only HIL 3V mask
double,c-FOS and ACTH/CLIP double-positive nuclei / DAPI nuclei,2026-07-10_NPY-M_Water,NPY-M,Water,4,192,1,0.005208333333333333,0.5208333333333333,0.07223157744686826,biological animal (one acquisition per animal),True,accepted per-acquisition DAPI-only HIL 3V mask
double,c-FOS and ACTH/CLIP double-positive nuclei / DAPI nuclei,2026-07-10_NPY-M_Water,NPY-M,Water,5,192,2,0.010416666666666666,1.0416666666666665,0.1022400994842674,biological animal (one acquisition per animal),True,accepted per-acquisition DAPI-only HIL 3V mask
double,c-FOS and ACTH/CLIP double-positive nuclei / DAPI nuclei,2026-07-10_NPY-M_Water,NPY-M,Water,6,192,1,0.005208333333333333,0.5208333333333333,0.07223157744686826,biological animal (one acquisition per animal),True,accepted per-acquisition DAPI-only HIL 3V mask
