animal_order,animal_id,sample_id,condition,condition_order,experimental_unit,field_count,endpoint,endpoint_label,radial_shell,shell_dapi_quantile_start,shell_dapi_quantile_end,shell_dapi_nuclei,shell_positive_nuclei,occurrence_rate,occurrence_percent,arcsin_sqrt_occurrence,shell_inner_whitened_radius,shell_outer_whitened_radius,inference_role
1,WATER_NPY1,water-npy1-0001,Water,1,biological animal,1,cfos_occurrence,Ocurrencia espacial de núcleos c-FOS positivos / núcleos DAPI,1,0,0.166666666667,1196,161,0.134615384615,13.4615384615,0.375674091234,0.013033499585,0.750971939926,one component of one animal-level six-shell vector
1,WATER_NPY1,water-npy1-0001,Water,1,biological animal,1,cfos_occurrence,Ocurrencia espacial de núcleos c-FOS positivos / núcleos DAPI,2,0.166666666667,0.333333333333,1195,146,0.122175732218,12.2175732218,0.357076303563,0.750971939926,1.08337175754,one component of one animal-level six-shell vector
1,WATER_NPY1,water-npy1-0001,Water,1,biological animal,1,cfos_occurrence,Ocurrencia espacial de núcleos c-FOS positivos / núcleos DAPI,3,0.333333333333,0.5,1195,121,0.101255230126,10.1255230126,0.323836807399,1.08337175754,1.37143722737,one component of one animal-level six-shell vector
1,WATER_NPY1,water-npy1-0001,Water,1,biological animal,1,cfos_occurrence,Ocurrencia espacial de núcleos c-FOS positivos / núcleos DAPI,4,0.5,0.666666666667,1195,92,0.0769874476987,7.69874476987,0.281155662925,1.37143722737,1.612441664,one component of one animal-level six-shell vector
1,WATER_NPY1,water-npy1-0001,Water,1,biological animal,1,cfos_occurrence,Ocurrencia espacial de núcleos c-FOS positivos / núcleos DAPI,5,0.666666666667,0.833333333333,1195,54,0.0451882845188,4.51882845188,0.214209807112,1.612441664,1.83711556228,one component of one animal-level six-shell vector
1,WATER_NPY1,water-npy1-0001,Water,1,biological animal,1,cfos_occurrence,Ocurrencia espacial de núcleos c-FOS positivos / núcleos DAPI,6,0.833333333333,1,1196,41,0.0342809364548,3.42809364548,0.18622563678,1.83711556228,2.60142628082,one component of one animal-level six-shell vector
1,WATER_NPY1,water-npy1-0001,Water,1,biological animal,1,double_occurrence,Ocurrencia espacial de núcleos dobles c-FOS y NPY positivos / núcleos DAPI,1,0,0.166666666667,1196,4,0.00334448160535,0.334448160535,0.0578637778701,0.013033499585,0.750971939926,one component of one animal-level six-shell vector
1,WATER_NPY1,water-npy1-0001,Water,1,biological animal,1,double_occurrence,Ocurrencia espacial de núcleos dobles c-FOS y NPY positivos / núcleos DAPI,2,0.166666666667,0.333333333333,1195,16,0.0133891213389,1.33891213389,0.115971151361,0.750971939926,1.08337175754,one component of one animal-level six-shell vector
1,WATER_NPY1,water-npy1-0001,Water,1,biological animal,1,double_occurrence,Ocurrencia espacial de núcleos dobles c-FOS y NPY positivos / núcleos DAPI,3,0.333333333333,0.5,1195,40,0.0334728033473,3.34728033473,0.183992102728,1.08337175754,1.37143722737,one component of one animal-level six-shell vector
1,WATER_NPY1,water-npy1-0001,Water,1,biological animal,1,double_occurrence,Ocurrencia espacial de núcleos dobles c-FOS y NPY positivos / núcleos DAPI,4,0.5,0.666666666667,1195,28,0.0234309623431,2.34309623431,0.15367591747,1.37143722737,1.612441664,one component of one animal-level six-shell vector
1,WATER_NPY1,water-npy1-0001,Water,1,biological animal,1,double_occurrence,Ocurrencia espacial de núcleos dobles c-FOS y NPY positivos / núcleos DAPI,5,0.666666666667,0.833333333333,1195,4,0.00334728033473,0.334728033473,0.0578880106615,1.612441664,1.83711556228,one component of one animal-level six-shell vector
1,WATER_NPY1,water-npy1-0001,Water,1,biological animal,1,double_occurrence,Ocurrencia espacial de núcleos dobles c-FOS y NPY positivos / núcleos DAPI,6,0.833333333333,1,1196,0,0,0,0,1.83711556228,2.60142628082,one component of one animal-level six-shell vector
2,WATER_NPY2,water-npy2-0001,Water,1,biological animal,1,cfos_occurrence,Ocurrencia espacial de núcleos c-FOS positivos / núcleos DAPI,1,0,0.166666666667,1935,152,0.0785529715762,7.85529715762,0.284078527688,0.00633587898696,0.770299105614,one component of one animal-level six-shell vector
2,WATER_NPY2,water-npy2-0001,Water,1,biological animal,1,cfos_occurrence,Ocurrencia espacial de núcleos c-FOS positivos / núcleos DAPI,2,0.166666666667,0.333333333333,1934,135,0.069803516029,6.9803516029,0.267378036239,0.770299105614,1.10253522046,one component of one animal-level six-shell vector
2,WATER_NPY2,water-npy2-0001,Water,1,biological animal,1,cfos_occurrence,Ocurrencia espacial de núcleos c-FOS positivos / núcleos DAPI,3,0.333333333333,0.5,1935,125,0.0645994832041,6.45994832041,0.256983512992,1.10253522046,1.37725043469,one component of one animal-level six-shell vector
2,WATER_NPY2,water-npy2-0001,Water,1,biological animal,1,cfos_occurrence,Ocurrencia espacial de núcleos c-FOS positivos / núcleos DAPI,4,0.5,0.666666666667,1934,149,0.0770423991727,7.70423991727,0.281258716859,1.37725043469,1.6036899091,one component of one animal-level six-shell vector
2,WATER_NPY2,water-npy2-0001,Water,1,biological animal,1,cfos_occurrence,Ocurrencia espacial de núcleos c-FOS positivos / núcleos DAPI,5,0.666666666667,0.833333333333,1935,149,0.0770025839793,7.70025839793,0.281184052301,1.6036899091,1.83063118767,one component of one animal-level six-shell vector
2,WATER_NPY2,water-npy2-0001,Water,1,biological animal,1,cfos_occurrence,Ocurrencia espacial de núcleos c-FOS positivos / núcleos DAPI,6,0.833333333333,1,1935,63,0.0325581395349,3.25581395349,0.181432496375,1.83063118767,2.71529553394,one component of one animal-level six-shell vector
2,WATER_NPY2,water-npy2-0001,Water,1,biological animal,1,double_occurrence,Ocurrencia espacial de núcleos dobles c-FOS y NPY positivos / núcleos DAPI,1,0,0.166666666667,1935,0,0,0,0,0.00633587898696,0.770299105614,one component of one animal-level six-shell vector
2,WATER_NPY2,water-npy2-0001,Water,1,biological animal,1,double_occurrence,Ocurrencia espacial de núcleos dobles c-FOS y NPY positivos / núcleos DAPI,2,0.166666666667,0.333333333333,1934,0,0,0,0,0.770299105614,1.10253522046,one component of one animal-level six-shell vector
2,WATER_NPY2,water-npy2-0001,Water,1,biological animal,1,double_occurrence,Ocurrencia espacial de núcleos dobles c-FOS y NPY positivos / núcleos DAPI,3,0.333333333333,0.5,1935,3,0.0015503875969,0.15503875969,0.0393851430616,1.10253522046,1.37725043469,one component of one animal-level six-shell vector
2,WATER_NPY2,water-npy2-0001,Water,1,biological animal,1,double_occurrence,Ocurrencia espacial de núcleos dobles c-FOS y NPY positivos / núcleos DAPI,4,0.5,0.666666666667,1934,23,0.011892450879,1.1892450879,0.109269829602,1.37725043469,1.6036899091,one component of one animal-level six-shell vector
2,WATER_NPY2,water-npy2-0001,Water,1,biological animal,1,double_occurrence,Ocurrencia espacial de núcleos dobles c-FOS y NPY positivos / núcleos DAPI,5,0.666666666667,0.833333333333,1935,31,0.0160206718346,1.60206718346,0.126913216133,1.6036899091,1.83063118767,one component of one animal-level six-shell vector
2,WATER_NPY2,water-npy2-0001,Water,1,biological animal,1,double_occurrence,Ocurrencia espacial de núcleos dobles c-FOS y NPY positivos / núcleos DAPI,6,0.833333333333,1,1935,0,0,0,0,1.83063118767,2.71529553394,one component of one animal-level six-shell vector
3,WATER_NPY3,water-npy3-s01,Water,1,biological animal,1,cfos_occurrence,Ocurrencia espacial de núcleos c-FOS positivos / núcleos DAPI,1,0,0.166666666667,538,12,0.0223048327138,2.23048327138,0.149908870335,0.067335149803,0.86244544488,one component of one animal-level six-shell vector
3,WATER_NPY3,water-npy3-s01,Water,1,biological animal,1,cfos_occurrence,Ocurrencia espacial de núcleos c-FOS positivos / núcleos DAPI,2,0.166666666667,0.333333333333,537,5,0.00931098696462,0.931098696462,0.0966438280126,0.86244544488,1.16554456763,one component of one animal-level six-shell vector
3,WATER_NPY3,water-npy3-s01,Water,1,biological animal,1,cfos_occurrence,Ocurrencia espacial de núcleos c-FOS positivos / núcleos DAPI,3,0.333333333333,0.5,537,5,0.00931098696462,0.931098696462,0.0966438280126,1.16554456763,1.36070361961,one component of one animal-level six-shell vector
3,WATER_NPY3,water-npy3-s01,Water,1,biological animal,1,cfos_occurrence,Ocurrencia espacial de núcleos c-FOS positivos / núcleos DAPI,4,0.5,0.666666666667,537,5,0.00931098696462,0.931098696462,0.0966438280126,1.36070361961,1.56578511437,one component of one animal-level six-shell vector
3,WATER_NPY3,water-npy3-s01,Water,1,biological animal,1,cfos_occurrence,Ocurrencia espacial de núcleos c-FOS positivos / núcleos DAPI,5,0.666666666667,0.833333333333,537,10,0.0186219739292,1.86219739292,0.136889475595,1.56578511437,1.77935507137,one component of one animal-level six-shell vector
3,WATER_NPY3,water-npy3-s01,Water,1,biological animal,1,cfos_occurrence,Ocurrencia espacial de núcleos c-FOS positivos / núcleos DAPI,6,0.833333333333,1,538,16,0.0297397769517,2.97397769517,0.173318673464,1.77935507137,2.53090986956,one component of one animal-level six-shell vector
3,WATER_NPY3,water-npy3-s01,Water,1,biological animal,1,double_occurrence,Ocurrencia espacial de núcleos dobles c-FOS y NPY positivos / núcleos DAPI,1,0,0.166666666667,538,0,0,0,0,0.067335149803,0.86244544488,one component of one animal-level six-shell vector
3,WATER_NPY3,water-npy3-s01,Water,1,biological animal,1,double_occurrence,Ocurrencia espacial de núcleos dobles c-FOS y NPY positivos / núcleos DAPI,2,0.166666666667,0.333333333333,537,0,0,0,0,0.86244544488,1.16554456763,one component of one animal-level six-shell vector
3,WATER_NPY3,water-npy3-s01,Water,1,biological animal,1,double_occurrence,Ocurrencia espacial de núcleos dobles c-FOS y NPY positivos / núcleos DAPI,3,0.333333333333,0.5,537,0,0,0,0,1.16554456763,1.36070361961,one component of one animal-level six-shell vector
3,WATER_NPY3,water-npy3-s01,Water,1,biological animal,1,double_occurrence,Ocurrencia espacial de núcleos dobles c-FOS y NPY positivos / núcleos DAPI,4,0.5,0.666666666667,537,0,0,0,0,1.36070361961,1.56578511437,one component of one animal-level six-shell vector
3,WATER_NPY3,water-npy3-s01,Water,1,biological animal,1,double_occurrence,Ocurrencia espacial de núcleos dobles c-FOS y NPY positivos / núcleos DAPI,5,0.666666666667,0.833333333333,537,0,0,0,0,1.56578511437,1.77935507137,one component of one animal-level six-shell vector
3,WATER_NPY3,water-npy3-s01,Water,1,biological animal,1,double_occurrence,Ocurrencia espacial de núcleos dobles c-FOS y NPY positivos / núcleos DAPI,6,0.833333333333,1,538,0,0,0,0,1.77935507137,2.53090986956,one component of one animal-level six-shell vector
4,E7_FR7-1,e7-fr7-1,Sucrose,2,biological animal,1,cfos_occurrence,Ocurrencia espacial de núcleos c-FOS positivos / núcleos DAPI,1,0,0.166666666667,510,11,0.021568627451,2.1568627451,0.147395742573,0.220078670846,0.806145557729,one component of one animal-level six-shell vector
4,E7_FR7-1,e7-fr7-1,Sucrose,2,biological animal,1,cfos_occurrence,Ocurrencia espacial de núcleos c-FOS positivos / núcleos DAPI,2,0.166666666667,0.333333333333,510,10,0.0196078431373,1.96078431373,0.140489701754,0.806145557729,1.11343235437,one component of one animal-level six-shell vector
4,E7_FR7-1,e7-fr7-1,Sucrose,2,biological animal,1,cfos_occurrence,Ocurrencia espacial de núcleos c-FOS positivos / núcleos DAPI,3,0.333333333333,0.5,510,10,0.0196078431373,1.96078431373,0.140489701754,1.11343235437,1.3637896277,one component of one animal-level six-shell vector
4,E7_FR7-1,e7-fr7-1,Sucrose,2,biological animal,1,cfos_occurrence,Ocurrencia espacial de núcleos c-FOS positivos / núcleos DAPI,4,0.5,0.666666666667,510,7,0.0137254901961,1.37254901961,0.117425509742,1.3637896277,1.59612535079,one component of one animal-level six-shell vector
4,E7_FR7-1,e7-fr7-1,Sucrose,2,biological animal,1,cfos_occurrence,Ocurrencia espacial de núcleos c-FOS positivos / núcleos DAPI,5,0.666666666667,0.833333333333,510,3,0.00588235294118,0.588235294118,0.0767718912698,1.59612535079,1.81493700143,one component of one animal-level six-shell vector
4,E7_FR7-1,e7-fr7-1,Sucrose,2,biological animal,1,cfos_occurrence,Ocurrencia espacial de núcleos c-FOS positivos / núcleos DAPI,6,0.833333333333,1,511,2,0.00391389432485,0.391389432485,0.0626020063581,1.81493700143,2.59383092283,one component of one animal-level six-shell vector
4,E7_FR7-1,e7-fr7-1,Sucrose,2,biological animal,1,double_occurrence,Ocurrencia espacial de núcleos dobles c-FOS y NPY positivos / núcleos DAPI,1,0,0.166666666667,510,5,0.00980392156863,0.980392156863,0.0991772610794,0.220078670846,0.806145557729,one component of one animal-level six-shell vector
4,E7_FR7-1,e7-fr7-1,Sucrose,2,biological animal,1,double_occurrence,Ocurrencia espacial de núcleos dobles c-FOS y NPY positivos / núcleos DAPI,2,0.166666666667,0.333333333333,510,4,0.0078431372549,0.78431372549,0.0886776657116,0.806145557729,1.11343235437,one component of one animal-level six-shell vector
4,E7_FR7-1,e7-fr7-1,Sucrose,2,biological animal,1,double_occurrence,Ocurrencia espacial de núcleos dobles c-FOS y NPY positivos / núcleos DAPI,3,0.333333333333,0.5,510,3,0.00588235294118,0.588235294118,0.0767718912698,1.11343235437,1.3637896277,one component of one animal-level six-shell vector
4,E7_FR7-1,e7-fr7-1,Sucrose,2,biological animal,1,double_occurrence,Ocurrencia espacial de núcleos dobles c-FOS y NPY positivos / núcleos DAPI,4,0.5,0.666666666667,510,0,0,0,0,1.3637896277,1.59612535079,one component of one animal-level six-shell vector
4,E7_FR7-1,e7-fr7-1,Sucrose,2,biological animal,1,double_occurrence,Ocurrencia espacial de núcleos dobles c-FOS y NPY positivos / núcleos DAPI,5,0.666666666667,0.833333333333,510,0,0,0,0,1.59612535079,1.81493700143,one component of one animal-level six-shell vector
4,E7_FR7-1,e7-fr7-1,Sucrose,2,biological animal,1,double_occurrence,Ocurrencia espacial de núcleos dobles c-FOS y NPY positivos / núcleos DAPI,6,0.833333333333,1,511,0,0,0,0,1.81493700143,2.59383092283,one component of one animal-level six-shell vector
5,E7_FR7-5,e7-fr7-5,Sucrose,2,biological animal,1,cfos_occurrence,Ocurrencia espacial de núcleos c-FOS positivos / núcleos DAPI,1,0,0.166666666667,540,16,0.0296296296296,2.96296296296,0.172994168507,0.050334047985,0.871020767146,one component of one animal-level six-shell vector
5,E7_FR7-5,e7-fr7-5,Sucrose,2,biological animal,1,cfos_occurrence,Ocurrencia espacial de núcleos c-FOS positivos / núcleos DAPI,2,0.166666666667,0.333333333333,540,16,0.0296296296296,2.96296296296,0.172994168507,0.871020767146,1.176581952,one component of one animal-level six-shell vector
5,E7_FR7-5,e7-fr7-5,Sucrose,2,biological animal,1,cfos_occurrence,Ocurrencia espacial de núcleos c-FOS positivos / núcleos DAPI,3,0.333333333333,0.5,540,16,0.0296296296296,2.96296296296,0.172994168507,1.176581952,1.3744327344,one component of one animal-level six-shell vector
5,E7_FR7-5,e7-fr7-5,Sucrose,2,biological animal,1,cfos_occurrence,Ocurrencia espacial de núcleos c-FOS positivos / núcleos DAPI,4,0.5,0.666666666667,540,12,0.0222222222222,2.22222222222,0.14962890936,1.3744327344,1.59252330513,one component of one animal-level six-shell vector
5,E7_FR7-5,e7-fr7-5,Sucrose,2,biological animal,1,cfos_occurrence,Ocurrencia espacial de núcleos c-FOS positivos / núcleos DAPI,5,0.666666666667,0.833333333333,540,8,0.0148148148148,1.48148148148,0.122018678935,1.59252330513,1.77668104095,one component of one animal-level six-shell vector
5,E7_FR7-5,e7-fr7-5,Sucrose,2,biological animal,1,cfos_occurrence,Ocurrencia espacial de núcleos c-FOS positivos / núcleos DAPI,6,0.833333333333,1,541,13,0.0240295748614,2.40295748614,0.155642390803,1.77668104095,2.63447246368,one component of one animal-level six-shell vector
5,E7_FR7-5,e7-fr7-5,Sucrose,2,biological animal,1,double_occurrence,Ocurrencia espacial de núcleos dobles c-FOS y NPY positivos / núcleos DAPI,1,0,0.166666666667,540,4,0.00740740740741,0.740740740741,0.0861729070214,0.050334047985,0.871020767146,one component of one animal-level six-shell vector
5,E7_FR7-5,e7-fr7-5,Sucrose,2,biological animal,1,double_occurrence,Ocurrencia espacial de núcleos dobles c-FOS y NPY positivos / núcleos DAPI,2,0.166666666667,0.333333333333,540,6,0.0111111111111,1.11111111111,0.10560544018,0.871020767146,1.176581952,one component of one animal-level six-shell vector
5,E7_FR7-5,e7-fr7-5,Sucrose,2,biological animal,1,double_occurrence,Ocurrencia espacial de núcleos dobles c-FOS y NPY positivos / núcleos DAPI,3,0.333333333333,0.5,540,9,0.0166666666667,1.66666666667,0.129460771003,1.176581952,1.3744327344,one component of one animal-level six-shell vector
5,E7_FR7-5,e7-fr7-5,Sucrose,2,biological animal,1,double_occurrence,Ocurrencia espacial de núcleos dobles c-FOS y NPY positivos / núcleos DAPI,4,0.5,0.666666666667,540,0,0,0,0,1.3744327344,1.59252330513,one component of one animal-level six-shell vector
5,E7_FR7-5,e7-fr7-5,Sucrose,2,biological animal,1,double_occurrence,Ocurrencia espacial de núcleos dobles c-FOS y NPY positivos / núcleos DAPI,5,0.666666666667,0.833333333333,540,0,0,0,0,1.59252330513,1.77668104095,one component of one animal-level six-shell vector
5,E7_FR7-5,e7-fr7-5,Sucrose,2,biological animal,1,double_occurrence,Ocurrencia espacial de núcleos dobles c-FOS y NPY positivos / núcleos DAPI,6,0.833333333333,1,541,0,0,0,0,1.77668104095,2.63447246368,one component of one animal-level six-shell vector
6,E9_FR8-1,e9-fr8-1,Sucrose,2,biological animal,1,cfos_occurrence,Ocurrencia espacial de núcleos c-FOS positivos / núcleos DAPI,1,0,0.166666666667,386,6,0.0155440414508,1.55440414508,0.12500101981,0.0914143451091,0.794620755597,one component of one animal-level six-shell vector
6,E9_FR8-1,e9-fr8-1,Sucrose,2,biological animal,1,cfos_occurrence,Ocurrencia espacial de núcleos c-FOS positivos / núcleos DAPI,2,0.166666666667,0.333333333333,386,9,0.0233160621762,2.33160621762,0.153295671387,0.794620755597,1.09046098126,one component of one animal-level six-shell vector
6,E9_FR8-1,e9-fr8-1,Sucrose,2,biological animal,1,cfos_occurrence,Ocurrencia espacial de núcleos c-FOS positivos / núcleos DAPI,3,0.333333333333,0.5,386,3,0.00777202072539,0.777202072539,0.0882736618341,1.09046098126,1.36254002601,one component of one animal-level six-shell vector
6,E9_FR8-1,e9-fr8-1,Sucrose,2,biological animal,1,cfos_occurrence,Ocurrencia espacial de núcleos c-FOS positivos / núcleos DAPI,4,0.5,0.666666666667,386,8,0.020725388601,2.0725388601,0.144465128087,1.36254002601,1.60501545932,one component of one animal-level six-shell vector
6,E9_FR8-1,e9-fr8-1,Sucrose,2,biological animal,1,cfos_occurrence,Ocurrencia espacial de núcleos c-FOS positivos / núcleos DAPI,5,0.666666666667,0.833333333333,386,4,0.0103626943005,1.03626943005,0.101973960422,1.60501545932,1.81000760763,one component of one animal-level six-shell vector
6,E9_FR8-1,e9-fr8-1,Sucrose,2,biological animal,1,cfos_occurrence,Ocurrencia espacial de núcleos c-FOS positivos / núcleos DAPI,6,0.833333333333,1,386,3,0.00777202072539,0.777202072539,0.0882736618341,1.81000760763,2.54399346747,one component of one animal-level six-shell vector
6,E9_FR8-1,e9-fr8-1,Sucrose,2,biological animal,1,double_occurrence,Ocurrencia espacial de núcleos dobles c-FOS y NPY positivos / núcleos DAPI,1,0,0.166666666667,386,3,0.00777202072539,0.777202072539,0.0882736618341,0.0914143451091,0.794620755597,one component of one animal-level six-shell vector
6,E9_FR8-1,e9-fr8-1,Sucrose,2,biological animal,1,double_occurrence,Ocurrencia espacial de núcleos dobles c-FOS y NPY positivos / núcleos DAPI,2,0.166666666667,0.333333333333,386,2,0.00518134715026,0.518134715026,0.0720438807115,0.794620755597,1.09046098126,one component of one animal-level six-shell vector
6,E9_FR8-1,e9-fr8-1,Sucrose,2,biological animal,1,double_occurrence,Ocurrencia espacial de núcleos dobles c-FOS y NPY positivos / núcleos DAPI,3,0.333333333333,0.5,386,0,0,0,0,1.09046098126,1.36254002601,one component of one animal-level six-shell vector
6,E9_FR8-1,e9-fr8-1,Sucrose,2,biological animal,1,double_occurrence,Ocurrencia espacial de núcleos dobles c-FOS y NPY positivos / núcleos DAPI,4,0.5,0.666666666667,386,0,0,0,0,1.36254002601,1.60501545932,one component of one animal-level six-shell vector
6,E9_FR8-1,e9-fr8-1,Sucrose,2,biological animal,1,double_occurrence,Ocurrencia espacial de núcleos dobles c-FOS y NPY positivos / núcleos DAPI,5,0.666666666667,0.833333333333,386,0,0,0,0,1.60501545932,1.81000760763,one component of one animal-level six-shell vector
6,E9_FR8-1,e9-fr8-1,Sucrose,2,biological animal,1,double_occurrence,Ocurrencia espacial de núcleos dobles c-FOS y NPY positivos / núcleos DAPI,6,0.833333333333,1,386,0,0,0,0,1.81000760763,2.54399346747,one component of one animal-level six-shell vector
7,E8_FR6-1,e8-fr6-1-alulosa-25x,Allulose,3,biological animal,1,cfos_occurrence,Ocurrencia espacial de núcleos c-FOS positivos / núcleos DAPI,1,0,0.166666666667,330,35,0.106060606061,10.6060606061,0.331719717119,0.0799991921018,0.780736399639,one component of one animal-level six-shell vector
7,E8_FR6-1,e8-fr6-1-alulosa-25x,Allulose,3,biological animal,1,cfos_occurrence,Ocurrencia espacial de núcleos c-FOS positivos / núcleos DAPI,2,0.166666666667,0.333333333333,329,29,0.0881458966565,8.81458966565,0.301438075289,0.780736399639,1.04434999357,one component of one animal-level six-shell vector
7,E8_FR6-1,e8-fr6-1-alulosa-25x,Allulose,3,biological animal,1,cfos_occurrence,Ocurrencia espacial de núcleos c-FOS positivos / núcleos DAPI,3,0.333333333333,0.5,329,25,0.0759878419453,7.59878419453,0.279275116938,1.04434999357,1.30899525489,one component of one animal-level six-shell vector
7,E8_FR6-1,e8-fr6-1-alulosa-25x,Allulose,3,biological animal,1,cfos_occurrence,Ocurrencia espacial de núcleos c-FOS positivos / núcleos DAPI,4,0.5,0.666666666667,329,11,0.0334346504559,3.34346504559,0.183886015305,1.30899525489,1.57994227692,one component of one animal-level six-shell vector
7,E8_FR6-1,e8-fr6-1-alulosa-25x,Allulose,3,biological animal,1,cfos_occurrence,Ocurrencia espacial de núcleos c-FOS positivos / núcleos DAPI,5,0.666666666667,0.833333333333,329,6,0.0182370820669,1.82370820669,0.135458616948,1.57994227692,1.83897735744,one component of one animal-level six-shell vector
7,E8_FR6-1,e8-fr6-1-alulosa-25x,Allulose,3,biological animal,1,cfos_occurrence,Ocurrencia espacial de núcleos c-FOS positivos / núcleos DAPI,6,0.833333333333,1,330,6,0.0181818181818,1.81818181818,0.135251958245,1.83897735744,2.72490945512,one component of one animal-level six-shell vector
7,E8_FR6-1,e8-fr6-1-alulosa-25x,Allulose,3,biological animal,1,double_occurrence,Ocurrencia espacial de núcleos dobles c-FOS y NPY positivos / núcleos DAPI,1,0,0.166666666667,330,31,0.0939393939394,9.39393939394,0.311508979912,0.0799991921018,0.780736399639,one component of one animal-level six-shell vector
7,E8_FR6-1,e8-fr6-1-alulosa-25x,Allulose,3,biological animal,1,double_occurrence,Ocurrencia espacial de núcleos dobles c-FOS y NPY positivos / núcleos DAPI,2,0.166666666667,0.333333333333,329,27,0.0820668693009,8.20668693009,0.290543675291,0.780736399639,1.04434999357,one component of one animal-level six-shell vector
7,E8_FR6-1,e8-fr6-1-alulosa-25x,Allulose,3,biological animal,1,double_occurrence,Ocurrencia espacial de núcleos dobles c-FOS y NPY positivos / núcleos DAPI,3,0.333333333333,0.5,329,10,0.0303951367781,3.03951367781,0.175237505793,1.04434999357,1.30899525489,one component of one animal-level six-shell vector
7,E8_FR6-1,e8-fr6-1-alulosa-25x,Allulose,3,biological animal,1,double_occurrence,Ocurrencia espacial de núcleos dobles c-FOS y NPY positivos / núcleos DAPI,4,0.5,0.666666666667,329,1,0.00303951367781,0.303951367781,0.0551597518809,1.30899525489,1.57994227692,one component of one animal-level six-shell vector
7,E8_FR6-1,e8-fr6-1-alulosa-25x,Allulose,3,biological animal,1,double_occurrence,Ocurrencia espacial de núcleos dobles c-FOS y NPY positivos / núcleos DAPI,5,0.666666666667,0.833333333333,329,0,0,0,0,1.57994227692,1.83897735744,one component of one animal-level six-shell vector
7,E8_FR6-1,e8-fr6-1-alulosa-25x,Allulose,3,biological animal,1,double_occurrence,Ocurrencia espacial de núcleos dobles c-FOS y NPY positivos / núcleos DAPI,6,0.833333333333,1,330,0,0,0,0,1.83897735744,2.72490945512,one component of one animal-level six-shell vector
8,E8_FR6-3,e8-fr6-3-alulosa,Allulose,3,biological animal,1,cfos_occurrence,Ocurrencia espacial de núcleos c-FOS positivos / núcleos DAPI,1,0,0.166666666667,496,50,0.100806451613,10.0806451613,0.323092241863,0.145601872776,0.837440834536,one component of one animal-level six-shell vector
8,E8_FR6-3,e8-fr6-3-alulosa,Allulose,3,biological animal,1,cfos_occurrence,Ocurrencia espacial de núcleos c-FOS positivos / núcleos DAPI,2,0.166666666667,0.333333333333,496,40,0.0806451612903,8.06451612903,0.287943420562,0.837440834536,1.09723685422,one component of one animal-level six-shell vector
8,E8_FR6-3,e8-fr6-3-alulosa,Allulose,3,biological animal,1,cfos_occurrence,Ocurrencia espacial de núcleos c-FOS positivos / núcleos DAPI,3,0.333333333333,0.5,496,31,0.0625,6.25,0.252680255142,1.09723685422,1.33590107673,one component of one animal-level six-shell vector
8,E8_FR6-3,e8-fr6-3-alulosa,Allulose,3,biological animal,1,cfos_occurrence,Ocurrencia espacial de núcleos c-FOS positivos / núcleos DAPI,4,0.5,0.666666666667,496,18,0.0362903225806,3.62903225806,0.191671642649,1.33590107673,1.56687217467,one component of one animal-level six-shell vector
8,E8_FR6-3,e8-fr6-3-alulosa,Allulose,3,biological animal,1,cfos_occurrence,Ocurrencia espacial de núcleos c-FOS positivos / núcleos DAPI,5,0.666666666667,0.833333333333,496,15,0.0302419354839,3.02419354839,0.17479075625,1.56687217467,1.7610029089,one component of one animal-level six-shell vector
8,E8_FR6-3,e8-fr6-3-alulosa,Allulose,3,biological animal,1,cfos_occurrence,Ocurrencia espacial de núcleos c-FOS positivos / núcleos DAPI,6,0.833333333333,1,496,11,0.0221774193548,2.21774193548,0.149476862982,1.7610029089,2.67215775054,one component of one animal-level six-shell vector
8,E8_FR6-3,e8-fr6-3-alulosa,Allulose,3,biological animal,1,double_occurrence,Ocurrencia espacial de núcleos dobles c-FOS y NPY positivos / núcleos DAPI,1,0,0.166666666667,496,41,0.0826612903226,8.26612903226,0.291624762444,0.145601872776,0.837440834536,one component of one animal-level six-shell vector
8,E8_FR6-3,e8-fr6-3-alulosa,Allulose,3,biological animal,1,double_occurrence,Ocurrencia espacial de núcleos dobles c-FOS y NPY positivos / núcleos DAPI,2,0.166666666667,0.333333333333,496,28,0.0564516129032,5.64516129032,0.239889695113,0.837440834536,1.09723685422,one component of one animal-level six-shell vector
8,E8_FR6-3,e8-fr6-3-alulosa,Allulose,3,biological animal,1,double_occurrence,Ocurrencia espacial de núcleos dobles c-FOS y NPY positivos / núcleos DAPI,3,0.333333333333,0.5,496,15,0.0302419354839,3.02419354839,0.17479075625,1.09723685422,1.33590107673,one component of one animal-level six-shell vector
8,E8_FR6-3,e8-fr6-3-alulosa,Allulose,3,biological animal,1,double_occurrence,Ocurrencia espacial de núcleos dobles c-FOS y NPY positivos / núcleos DAPI,4,0.5,0.666666666667,496,4,0.00806451612903,0.806451612903,0.0899237936488,1.33590107673,1.56687217467,one component of one animal-level six-shell vector
8,E8_FR6-3,e8-fr6-3-alulosa,Allulose,3,biological animal,1,double_occurrence,Ocurrencia espacial de núcleos dobles c-FOS y NPY positivos / núcleos DAPI,5,0.666666666667,0.833333333333,496,0,0,0,0,1.56687217467,1.7610029089,one component of one animal-level six-shell vector
8,E8_FR6-3,e8-fr6-3-alulosa,Allulose,3,biological animal,1,double_occurrence,Ocurrencia espacial de núcleos dobles c-FOS y NPY positivos / núcleos DAPI,6,0.833333333333,1,496,0,0,0,0,1.7610029089,2.67215775054,one component of one animal-level six-shell vector
9,E8_FR6-4,e8-fr6-4-alulosa,Allulose,3,biological animal,1,cfos_occurrence,Ocurrencia espacial de núcleos c-FOS positivos / núcleos DAPI,1,0,0.166666666667,562,92,0.163701067616,16.3701067616,0.416541262964,0.111413310156,0.823944095561,one component of one animal-level six-shell vector
9,E8_FR6-4,e8-fr6-4-alulosa,Allulose,3,biological animal,1,cfos_occurrence,Ocurrencia espacial de núcleos c-FOS positivos / núcleos DAPI,2,0.166666666667,0.333333333333,562,62,0.110320284698,11.0320284698,0.338576745937,0.823944095561,1.12057532836,one component of one animal-level six-shell vector
9,E8_FR6-4,e8-fr6-4-alulosa,Allulose,3,biological animal,1,cfos_occurrence,Ocurrencia espacial de núcleos c-FOS positivos / núcleos DAPI,3,0.333333333333,0.5,562,47,0.0836298932384,8.36298932384,0.293378835667,1.12057532836,1.35595871156,one component of one animal-level six-shell vector
9,E8_FR6-4,e8-fr6-4-alulosa,Allulose,3,biological animal,1,cfos_occurrence,Ocurrencia espacial de núcleos c-FOS positivos / núcleos DAPI,4,0.5,0.666666666667,562,32,0.0569395017794,5.69395017794,0.24094454688,1.35595871156,1.57823023002,one component of one animal-level six-shell vector
9,E8_FR6-4,e8-fr6-4-alulosa,Allulose,3,biological animal,1,cfos_occurrence,Ocurrencia espacial de núcleos c-FOS positivos / núcleos DAPI,5,0.666666666667,0.833333333333,562,21,0.0373665480427,3.73665480427,0.19452884579,1.57823023002,1.81788160873,one component of one animal-level six-shell vector
9,E8_FR6-4,e8-fr6-4-alulosa,Allulose,3,biological animal,1,cfos_occurrence,Ocurrencia espacial de núcleos c-FOS positivos / núcleos DAPI,6,0.833333333333,1,562,51,0.0907473309609,9.07473309609,0.305995914999,1.81788160873,2.63674382467,one component of one animal-level six-shell vector
9,E8_FR6-4,e8-fr6-4-alulosa,Allulose,3,biological animal,1,double_occurrence,Ocurrencia espacial de núcleos dobles c-FOS y NPY positivos / núcleos DAPI,1,0,0.166666666667,562,72,0.128113879004,12.8113879004,0.366050068847,0.111413310156,0.823944095561,one component of one animal-level six-shell vector
9,E8_FR6-4,e8-fr6-4-alulosa,Allulose,3,biological animal,1,double_occurrence,Ocurrencia espacial de núcleos dobles c-FOS y NPY positivos / núcleos DAPI,2,0.166666666667,0.333333333333,562,36,0.0640569395018,6.40569395018,0.25587779812,0.823944095561,1.12057532836,one component of one animal-level six-shell vector
9,E8_FR6-4,e8-fr6-4-alulosa,Allulose,3,biological animal,1,double_occurrence,Ocurrencia espacial de núcleos dobles c-FOS y NPY positivos / núcleos DAPI,3,0.333333333333,0.5,562,19,0.0338078291815,3.38078291815,0.18492117646,1.12057532836,1.35595871156,one component of one animal-level six-shell vector
9,E8_FR6-4,e8-fr6-4-alulosa,Allulose,3,biological animal,1,double_occurrence,Ocurrencia espacial de núcleos dobles c-FOS y NPY positivos / núcleos DAPI,4,0.5,0.666666666667,562,3,0.00533807829181,0.533807829181,0.0731273121789,1.35595871156,1.57823023002,one component of one animal-level six-shell vector
9,E8_FR6-4,e8-fr6-4-alulosa,Allulose,3,biological animal,1,double_occurrence,Ocurrencia espacial de núcleos dobles c-FOS y NPY positivos / núcleos DAPI,5,0.666666666667,0.833333333333,562,1,0.0017793594306,0.17793594306,0.0421949737128,1.57823023002,1.81788160873,one component of one animal-level six-shell vector
9,E8_FR6-4,e8-fr6-4-alulosa,Allulose,3,biological animal,1,double_occurrence,Ocurrencia espacial de núcleos dobles c-FOS y NPY positivos / núcleos DAPI,6,0.833333333333,1,562,0,0,0,0,1.81788160873,2.63674382467,one component of one animal-level six-shell vector
