relative_path	size_bytes	sha256	hash_source
00_check_environment.sh	3791	ad09a4d89d91ae745172bd38be1aa1d13fac876573b414d44ce724730de8d0c3	validated_file
01_prepare_metadata.py	10418	35f3b90c1f0b4ac89284d0338b64e39c1c798c25ce3ecaa67222d225dde502bb	validated_file
02_export_mds_levels.py	18229	4849d2c27ca59921ab96ab24a806f451eb1954d50d1ffc8ee94536c588f73c12	validated_file
03_segment_organs.py	13321	8e815f61f33103c1f0be844324c26ca122d8af0ac85a73379a9fe6466ec15fff	validated_file
04_run_histoplus_gpu.py	46329	d3c2c365df1050108994f26b2e7e4a05cb9141a8b8d22ef65e8335dfbfa6975f	validated_file
05_analyze_make_figure.py	108370	8a11cb0b7fd26150e7cb1539d785b6190ed06c26948f9d7910c6f166196f58a3	validated_file
06_run_figure_s3.sh	1538	24fc8ab247951fa79a58b38cf2a8ade8f924c81166211c775499e312fff34d64	validated_file
07_validate_figure_s3.py	24207	45e694e94b2959485f670c14815eeb28d89582a7500a4925edd130249863d544	validated_file
08_relabel_inference_organs.py	11465	872921cce446a645c3c8585378104816901ef83f2c235d02e5beb314203487a1	validated_file
Figure_S3.pdf	775928	a40d22c8449d2bf7d65c0fb77aff19bc39838436ea4b1b82f6329e7948bc685c	validated_file
Figure_S3.png	23094788	f9f31db69df28289d15f46bf8ff1ceb8d4dcd12fbc981740beac5541ccda8a4e	validated_file
README.txt	11166	91db4838fe5261c953224bf198c3dc1f65746d8967e1acb86be5fe6309b0d91b	validated_file
exports/Figure_S3_L0_L2_export_manifest.csv	13233	e791dd93d62308f6662ab3b12e8c3c2a4cfb9cd1deef87c103f3094af9430784	validated_file
exports/Figure_S3_L0_L2_export_summary.json	76352	7e2144ac1d09a6dd5c40229e8279460a7a1c6d6a7660e3fa1f1b2113fcf9c4f4	validated_file
exports/m26-001/1_L0_rgb.tif	5424994179	4edc446244cf9ca261079e1b63b8d1bef190f66e59409f737797438ca9d6da36	conversion_receipt
exports/m26-001/1_L2_rgb.tif	314352988	a71e893a2e5421edc574db5933a6c454a29f9fa1a2b46d5c9cb541b23ba42946	conversion_receipt
exports/m26-001/conversion_receipt.json	2749	4934c773dbee948389b44fcce7678945de24016049892820f8d98d9b904939e3	validated_file
exports/m26-002/1_L0_rgb.tif	9102221061	c40409839ff48529c3e020781ec9093ae8526603bec86fd4e10c909c1b4058df	conversion_receipt
exports/m26-002/1_L2_rgb.tif	501574412	68a603ae70234be82d4d79103ac5529655d7d760737f8e3fc013d9afef12b15b	conversion_receipt
exports/m26-002/conversion_receipt.json	2752	a04150150163691cfc3a81969396c0d2f627e08615294db2662ad0c2e7be1531	validated_file
exports/m26-003/1_L0_rgb.tif	7972146970	d4bdd5653bc5f7d1f415c8cea325c0aeb0d7bdad29c1addd29e321c662a71305	conversion_receipt
exports/m26-003/1_L2_rgb.tif	368013180	b4e8bbd2c301f794f79451f5a967f6a56b4b0eeac14182607495d08c18ff1dc8	conversion_receipt
exports/m26-003/conversion_receipt.json	2752	4a7c0d6d500f412a1988d0617849708462ecea3099b80c0b6b6f24d530f034cc	validated_file
exports/m26-004/1_L0_rgb.tif	7668532430	46c95f578da48990dfb1be6032c5b481c3af710d7b70de21b32bba473c3a19e5	conversion_receipt
exports/m26-004/1_L2_rgb.tif	406905812	9eafadb893a01fa415bd8f9eb6ada2103aada512ffec1742057f4cfbc474b2da	conversion_receipt
exports/m26-004/conversion_receipt.json	2751	df82aab012fd1bb86c40c0ead4091d93032fe5516e2741f5d16d652dd28ff9c4	validated_file
exports/m26-005/1_L0_rgb.tif	7839640027	c0253ff5e72983be50a79f92c5990e0ea49299733c578d9ec2bd1cc2c931be90	conversion_receipt
exports/m26-005/1_L2_rgb.tif	405009502	7165e043fdaf20ad4fe1d4d67ee9135fd4a36cc4b5c2f959c38546f34bcb8a53	conversion_receipt
exports/m26-005/conversion_receipt.json	2753	4ad43d3e7f86f4e691a8cbc9eed048a11cffe2fffe437b913c0a20207216eff2	validated_file
exports/m26-006/1_L0_rgb.tif	7798287481	654f6aebdc6d7941cd1a139877eccec17265e570a2487be6277f3bdf38439cc7	conversion_receipt
exports/m26-006/1_L2_rgb.tif	414330061	a8f1920ca9f5d713caac9ff513b709186bcf7c6d7a30b5448c12392fda57563f	conversion_receipt
exports/m26-006/conversion_receipt.json	2749	98f321c1ef4ec8f25ce2040b2867d59833f0e3b7c02551219733145b778f9e19	validated_file
exports/m26-007/1_L0_rgb.tif	6650442014	d3823fb16b05d7e239d2c090d32f16050f4f71737be0c7f93e623e9a2ba0dbf4	conversion_receipt
exports/m26-007/1_L2_rgb.tif	370386213	98a963e3c5d30545b25cb10d79f723bfba8cb2fe592523a0d9454c5b18319c64	conversion_receipt
exports/m26-007/conversion_receipt.json	2748	dcadc597a0f36bde82630eac5b3619daa7316fc4efff56436b345f5f54bb23e3	validated_file
exports/m26-008/1_L0_rgb.tif	5387906087	127472ed1062edbf096812326e760ba60f8f8d6e2d2deb0104515382513fba1e	conversion_receipt
exports/m26-008/1_L2_rgb.tif	303068558	059c65b8e147fa6d03b95c0db9f7eb06b86a3d336e50ee7b7f31c8f2bd81939b	conversion_receipt
exports/m26-008/conversion_receipt.json	2748	3f84ce90d2178c7eacad0f0b77103486db581587f2de2121e86221e68d4d3a0d	validated_file
exports/m26-009/1_L0_rgb.tif	8972607011	5b059d0bc528c1996ff51501179e0e606a0544191f778b6001845d9c554e90e9	conversion_receipt
exports/m26-009/1_L2_rgb.tif	527652789	ce3dac741e7c01c11add93e8279b34f952c5edb3b50da6852b51974680e05cee	conversion_receipt
exports/m26-009/conversion_receipt.json	2752	bab6b794bf3f5bb8ee7904f941db0a03edb15b0ab8c45c9bbd6b73c160f86599	validated_file
exports/m26-010/1_L0_rgb.tif	3458267719	db9dfefc8b7bc063abdf0bfde099ec0253fdcc674641982393d9819d85205c85	conversion_receipt
exports/m26-010/1_L2_rgb.tif	197566850	cc43ac434a876b9b6fd66b755cc6a4a28cd30e8a1c0c4915fbd086baebd734ad	conversion_receipt
exports/m26-010/conversion_receipt.json	2745	79c5d59de987747b5db9f515ba743fd7a194afe564106fae5ae9ea0aa5868e03	validated_file
exports/m26-011/1_L0_rgb.tif	4955324476	380cbfaa58b6bbb6bdbadbf6fdde879d4679b9953400e187a025c8abe486a2c9	conversion_receipt
exports/m26-011/1_L2_rgb.tif	282447410	5e7d0a262613d5dd8ea149eb1fee4282966c009ad9a516c66f838a47485dbc12	conversion_receipt
exports/m26-011/conversion_receipt.json	2748	75449777bc4906ad37d07a563358ddd2721da78ba3d25034d0e998a519106f24	validated_file
exports/m26-012/1_L0_rgb.tif	6187138969	4ec95ee62757f6036fc227712276cd2c80977c31861a176f63bc96047675db4c	conversion_receipt
exports/m26-012/1_L2_rgb.tif	365425500	9ddfbe5a900291e7b027b84c284da5ee32f992c172ba66cca9c7b681a744df0c	conversion_receipt
exports/m26-012/conversion_receipt.json	2748	070f37ccaea598422392a858330119c78c6edc4c628959192ece9a476dcfcce2	validated_file
exports/m26-013/1_L0_rgb.tif	5236334283	a67b0b407fc1f052c08a72ba996010b094d594924230c9b1dbd1f21363e01731	conversion_receipt
exports/m26-013/1_L2_rgb.tif	306209913	d9debe271404ec3e3bf1022aacef139d2882fd62add4d310d241ec4d8e248f7f	conversion_receipt
exports/m26-013/conversion_receipt.json	2747	4d04fb13767869bc83af3916205b9972bb24f1e957c1466082b37969133e71d2	validated_file
exports/m26-014/1_L0_rgb.tif	5281632343	83c5d56f3495b058795e6ca61e5f16151b664aa5c41220bb44252c092fa892b3	conversion_receipt
exports/m26-014/1_L2_rgb.tif	308996926	bdd0264f7733899de2c824d064e9eebee4fcf2b2c7bd5d954dd783d4bb870f7c	conversion_receipt
exports/m26-014/conversion_receipt.json	2748	0fed492f7d9dec637cd8247db01bb31e7ea4d88149b4cc2f10890f741d0ee0c0	validated_file
exports/m26-015/1_L0_rgb.tif	5581903502	169d4aeddce97dbbca523ae31ad5bbe24c3f0b91f907a12662a28499e0ca67d2	conversion_receipt
exports/m26-015/1_L2_rgb.tif	321435851	b4ba727628dc20b0026de470ad887897cedc8c2bf639654fc292e1b87886a39b	conversion_receipt
exports/m26-015/conversion_receipt.json	2748	dc6885974df9ece5d75fd974cdfd4faac0aff7f9f72ee2ef75cd8c9027035438	validated_file
exports/m26-016/1_L0_rgb.tif	7499827728	54fd5b0a644fb84587d0628881ea509b71f706cd752ccd608999e7a674c78b49	conversion_receipt
exports/m26-016/1_L2_rgb.tif	435931315	2fdd78c70126f974556378354a053b461d32e2bac6f148c0570cbeb32fe7c5f6	conversion_receipt
exports/m26-016/conversion_receipt.json	2753	66a6ca1d66d35e465a2217b9b9245597f1366a6b87aa349d2328e20350df4f93	validated_file
exports/m26-017/1_L0_rgb.tif	7055019123	d950b8d32a1a6cc1f96339df50610abd8ee009fae6a7f41211ad192d109233c8	conversion_receipt
exports/m26-017/1_L2_rgb.tif	403501982	fb3ed0552569012b73ef0e076c19f5df588ae9473832af902fbb0bac60da7b8f	conversion_receipt
exports/m26-017/conversion_receipt.json	2748	26ad6afe86ac8d6f1f627fc50dcd978f614841af7f15fc18943687c8f4285419	validated_file
exports/m26-018/1_L0_rgb.tif	5527174387	94885e7d9da2fccf4c55b97282b0a465781b1aaa0d23843aa533c8ef6ad2a689	conversion_receipt
exports/m26-018/1_L2_rgb.tif	310064818	4ec2f5d912a4d1cac3276362bd8c0c5c74d3852a971d1f740efa3f2011c438f8	conversion_receipt
exports/m26-018/conversion_receipt.json	2753	84e6ccc1b9c320cd45f56d50a0dd14764d05aa730d1779bd4193b092463aef1d	validated_file
exports/m26-019/1_L0_rgb.tif	5366266729	cc7edc4c99d3d27dcc6df1a01ea086e2d675fa19b9b0a7d1a78dd556adec92f0	conversion_receipt
exports/m26-019/1_L2_rgb.tif	306705509	e4e1c76407aa6b3880089b372bcad379439c5b91ccb123b4e80f7ae69a815d3d	conversion_receipt
exports/m26-019/conversion_receipt.json	2752	11ba3c715d268f91d23037d152f8b9a1ff9c488a0657b77a3bbcdc56f43898ab	validated_file
exports/m26-020/1_L0_rgb.tif	4679930189	e6e198185096c297718ba682bac61a05b49b842a4e1c61d3de4cc445e16d0e13	conversion_receipt
exports/m26-020/1_L2_rgb.tif	270108707	cd6985a5b64fd341ffa7eb9375b9b2b93460464279e8ad906c8906f978458c28	conversion_receipt
exports/m26-020/conversion_receipt.json	2748	3baac0377dc339e8ed3631605a406f6b75a03ab2709722a5869957c4d6072b37	validated_file
exports/m26-021/1_L0_rgb.tif	5484028602	868d1b7cef9a0de7ae69e85b81c7fc9ccb462b891dada59ea3b1c1edc83f9df6	conversion_receipt
exports/m26-021/1_L2_rgb.tif	317429653	26a3d02392dc5b5c63a5062ffc8b656cc0f500dae329a8c0c158bc5db9be3b94	conversion_receipt
exports/m26-021/conversion_receipt.json	2748	d0c99d77a849a2f973fdcfe22ee9d00ecc846fe747fb7836b3fc0ae247cf21eb	validated_file
exports/m26-022/1_L0_rgb.tif	4715934053	9e55c0c6f415de7a07a9e0f548992fc8f058c9433ff99d614541083fd922a382	conversion_receipt
exports/m26-022/1_L2_rgb.tif	278123691	0ef9099eef038b6c9ebb02dad465855b9316ada5e8795d31168f4380f94fb67e	conversion_receipt
exports/m26-022/conversion_receipt.json	2748	2b6915a7a3d1efccc0faaf244e65ca3db3d3913d4a55502d6d3fea4fffaa526e	validated_file
exports/m26-023/1_L0_rgb.tif	4803067410	2299a2de2944eb4d942dbeafaadd4461c81db41efb67e7a288abb5bb71c7c78a	conversion_receipt
exports/m26-023/1_L2_rgb.tif	277914164	9c30ef99623652c2e69cbf6e42b6017cadc7eceef5e1e2d12679807c7ae2c3bf	conversion_receipt
exports/m26-023/conversion_receipt.json	2748	c39a15df17d620c0934371b800d1c629c7400d27fbe8c832b4a729e3b320143c	validated_file
exports/m26-024/1_L0_rgb.tif	6932733333	a2957f8bc4ec796f085df62d25f127551c100522c9b8de187a35863c1344da59	conversion_receipt
exports/m26-024/1_L2_rgb.tif	391566821	12a1acf8d42450d71f8b5154ab035075e8db15493ed316ec8406a0bc0aeed049	conversion_receipt
exports/m26-024/conversion_receipt.json	2751	8a3c31aa7fe75f1f85e91b0d0366fbaf99f5722bed5af998602a738df64607ef	validated_file
figs3_common.py	4445	b5970f5b4283dfdc1278ab3a48b7cadb79a686877883d09561f40dd3f40270f3	validated_file
histoplus/Figure_S3_HistoPLUS_phenotype_summary.csv	154972	902a807b99f92f6141b254063914497df3173b757e1a6f75e05fa1c5f4c145f6	validated_file
histoplus/Figure_S3_HistoPLUS_tile_class_counts.csv	146268	d262ac22b62c7d579585245e01c72e120bb7e5bbb549b91ca81c0efe7c367dd1	validated_file
histoplus/Figure_S3_classical_tile_cv_features.csv	444862	bf22db96a077cd2639d8cf51544041b2380be19c6467be98c169400c3a986772	validated_file
histoplus/Figure_S3_selected_tile_manifest.csv	262239	0fe61ce3d82babf3e3cd55d049bb2a74b3d13d2ba81af8174640363acc818569	validated_file
histoplus/inference_summary.json	124635	ef6afbeccb1725b7508be9e0830c0c923e303b1c7c55ccb835bd40c26136d523	validated_file
histoplus/m26-001/candidate_tile_manifest.csv	90558	651ebc6552b9d72bc515299d17e23d1bf5ea3d43f0db003a8e75f3a9ee515baa	validated_file
histoplus/m26-001/cells.parquet	13526034	816d6bc2eb8270d89f3f23184c7736e1911917c732599ae74eae4726cda909f9	validated_file
histoplus/m26-001/inference_failure.json	1602	cfff9ca8460bfc331bb0e258c948f6cb13cca0c738dac90da08dc13e93555e01	validated_file
histoplus/m26-001/inference_receipt.json	4746	5e335554bf2cb0b8067fb8c36122f1b3d2979538fcc53d2fad54e43f40e837fd	validated_file
histoplus/m26-001/phenotype_summary.csv	6985	32801cfd98ba4df4b944e83fddd4990ccd7fa558b486a8744125b4dcc753cc79	validated_file
histoplus/m26-001/provisional_tile_pixel_qc.csv	5542	ee220f8c10511b6068eda530001bea64dfd804dbddee3979303cf7dbbac96f33	validated_file
histoplus/m26-001/representative_histoplus_overlay.png	1514108	355a99f4df57fbe0367f4870f90be1e322de524f2ad36f9b8e8b9782d9b929ac	validated_file
histoplus/m26-001/selected_tile_manifest.csv	11160	fe40748849917c993dd4fc629fba131c19f53577af6b114e69387c3f3a2ee972	validated_file
histoplus/m26-001/selected_tiles_overview.png	2045551	c012092ecdea8d7058488c152e3409e22eaf512c455b4c0de68cd5c15c177ec7	validated_file
histoplus/m26-001/tile_class_counts.csv	6336	527347843201d63d995498e6653e15009f119b7c6940662edc77e2fe9607a8a4	validated_file
histoplus/m26-001/tile_cv_features.csv	19137	7f986ece9580aba14879762e551dfe3b138ab226e924827fae31996830f4f891	validated_file
histoplus/m26-002/candidate_tile_manifest.csv	130082	3b534ca4776d3e7949f789fa1450a94e757bdb11a3ea2ab8d715b7bd88e421b2	validated_file
histoplus/m26-002/cells.parquet	12699655	92c5468177fb0a405f79288130acf40b6fc7c87b8e9e845e823aa5965945a6fa	validated_file
histoplus/m26-002/inference_receipt.json	4747	21020d365363bab0a2d7c53b6389635bd05ca9c3b8502dd027015135362056f4	validated_file
histoplus/m26-002/phenotype_summary.csv	6833	05f5f513bfb36abffb06b23620f67617ac8972fbb5f5893a1a73482e67da837b	validated_file
histoplus/m26-002/provisional_tile_pixel_qc.csv	5538	5f6a5b254560837613a43b063ed3a05480b9cb637a7e64ef245047c5bbd895aa	validated_file
histoplus/m26-002/representative_histoplus_overlay.png	1636235	8338d5499b6be0310c11573b08247235882b1236b195c260f3fb51b40c95d205	validated_file
histoplus/m26-002/selected_tile_manifest.csv	11173	45e49ea3b425c5545e8b4244be70c31c9e052c25fe57bbcbbe0706b9b42663c2	validated_file
histoplus/m26-002/selected_tiles_overview.png	2517352	629c37c0065c83e56dfd44815fe8b48d23a3956679ce8cec566a2608dd08d486	validated_file
histoplus/m26-002/tile_class_counts.csv	6313	03d0164079fd58d0ac85a234213ae4237911bcf8867c6423475114813026baed	validated_file
histoplus/m26-002/tile_cv_features.csv	19207	2342619ef76c9d9891e5bb2c0de4226716eaa77a324daf13fdbd83878bb5722a	validated_file
histoplus/m26-003/candidate_tile_manifest.csv	83679	9dafc1712146eb57d8ff5cbacd692fcae8e2697d3c43651b2a1393978d51a908	validated_file
histoplus/m26-003/cells.parquet	11796450	2488bfdf0e5460fc19cee81fbc5b91ee01ab9cee06b9664a5f078aad82b6c624	validated_file
histoplus/m26-003/inference_receipt.json	4746	9dabb30ded4db7838915be42deef620e2e5b767e29a5131e3cbff58dd157ba6a	validated_file
histoplus/m26-003/phenotype_summary.csv	6884	a27ad910bc24cbcf5b6b7e7a241ed7c7fd40d2db4818bbee18d11577cc821ee7	validated_file
histoplus/m26-003/provisional_tile_pixel_qc.csv	5534	7918a4b5f906639e61b7930fffd20e6dfc2d1c0d9dc8d5a0b74d0c7c97e424c5	validated_file
histoplus/m26-003/representative_histoplus_overlay.png	1523260	693312d3ad1c2a1c17a2c1384e8e9f8bda61fa4addc55b5c0774ed947b52ca76	validated_file
histoplus/m26-003/selected_tile_manifest.csv	11175	c772aecf5a84d3e9eee18013c3ceed8c71db82de5846206abd2d06b104e08c35	validated_file
histoplus/m26-003/selected_tiles_overview.png	1716241	a9fc9e096908914022c7cb83938dd049c407ca9f8d29afc738dd8e259cece9cb	validated_file
histoplus/m26-003/tile_class_counts.csv	6441	0b5af24d163f39a9e60112de0001722b4c3e757a484034da2a88fae12f75bf16	validated_file
histoplus/m26-003/tile_cv_features.csv	19336	e995bc3c956e97778390d22b8af53260c9b261d23e38adf9216877d843a77dd6	validated_file
histoplus/m26-004/candidate_tile_manifest.csv	101856	fd67020b6d48335eb22920e38543e21be2376562e4e1638cb665a3aa51945ecc	validated_file
histoplus/m26-004/cells.parquet	12695041	7b4ee3b76c0f66900b9d77a14e79323eca1c6857bd498fa8e3b8aa587b6f6f08	validated_file
histoplus/m26-004/inference_receipt.json	4778	1cbb9b1cd5ad4c0a6d6f48fb5236ed7443581b2a477d32d00c94e911ed019114	validated_file
histoplus/m26-004/phenotype_summary.csv	6825	9893cdd8849e4681ee5cd97578f6d4c604fb534db6657c069c1e4c3db5c85ff6	validated_file
histoplus/m26-004/provisional_tile_pixel_qc.csv	5537	6a5ed10226bc4949a5b6d2d6badb64b645337db4d061bc7b8d8290e7eae51206	validated_file
histoplus/m26-004/representative_histoplus_overlay.png	1664437	19907ab622e1db9970cd007ba9b8453fab0101e0e7be4fee80ddd9f08ce80fc7	validated_file
histoplus/m26-004/selected_tile_manifest.csv	11169	04a4646e3b5fd3f4747b23dcd2a80b948c782e165a5660849e2c70dd9016e08e	validated_file
histoplus/m26-004/selected_tiles_overview.png	2112382	f55e63ceb67f35cdea23fa231b75c847cc4941335d370021d42ec23f4904d957	validated_file
histoplus/m26-004/tile_class_counts.csv	6368	f022b986ac5b4e948651b6fa438983d0a6db6eda3d46dfac57e8c8283479f66d	validated_file
histoplus/m26-004/tile_cv_features.csv	19186	d5fc48a689cfc7ce07ea2b684a1e3322a57c948f957da9b1df912085e1ab353c	validated_file
histoplus/m26-005/candidate_tile_manifest.csv	110641	365e2125ef299cedc008fd46975df589fbcbad82c4bf9a5478bb8f9083d2bd5f	validated_file
histoplus/m26-005/cells.parquet	11824315	91525ba99ca322e54d782ac4519e36b2a9c1b1305f0690d49bb9ef164f8a1e3b	validated_file
histoplus/m26-005/inference_receipt.json	4779	88eb99eb1380fa8bd3fb980dac422c934ae900d528231fcb2353afcb1b42c8fd	validated_file
histoplus/m26-005/phenotype_summary.csv	6972	cf2b29ed60c953ee63fd5e52c156f33862244f851cdad8c4f51e7f0ed988d2ba	validated_file
histoplus/m26-005/provisional_tile_pixel_qc.csv	5530	3d10d149e6fc82a73945729fe8defb0875c852354a5fedd6e3bd6b4747a295c7	validated_file
histoplus/m26-005/representative_histoplus_overlay.png	1524805	3b9037d4892ac1760d72daf8ed981c170717f7a59388a4ff05f7de75450148e1	validated_file
histoplus/m26-005/selected_tile_manifest.csv	11176	d7ad3207f4983207860c95b82663b412b14a8c88cf806b395fd26e1674e367d3	validated_file
histoplus/m26-005/selected_tiles_overview.png	1889404	752e9ccf6e6a05acacc5a659977e66cbe8c738951b39a57421af3b567dc6cdf4	validated_file
histoplus/m26-005/tile_class_counts.csv	6413	997615efc50adda18c55d7bd4f9fc24acffd253b282e4825dce86158af057030	validated_file
histoplus/m26-005/tile_cv_features.csv	19245	158b3361bc7b061947cd5137e63c6902cf44740a08974a7aed36ea36e0f6896d	validated_file
histoplus/m26-006/candidate_tile_manifest.csv	109868	b558e97b902db27410aebd4ad6d02056913b0b7c7077fa3e657eb2dde88f3f47	validated_file
histoplus/m26-006/cells.parquet	13948926	fe996cd0272c5f3a8e3fee675604e815146f2bf8534973031e218ae971d826d8	validated_file
histoplus/m26-006/inference_receipt.json	4780	a18ce35d030c9bb59afb883adf96e300d3c353ef7d867c6ba6b09701435cf150	validated_file
histoplus/m26-006/phenotype_summary.csv	6859	ab1030eacdd123d689103debc9cf201afc9bf02e9ae90f9ec2ef05d0b657368b	validated_file
histoplus/m26-006/provisional_tile_pixel_qc.csv	5532	d6e7d46d3bca25b43afd000e45dd7ed99a95e04c311b7986b3a0eb1aefe4a5d8	validated_file
histoplus/m26-006/representative_histoplus_overlay.png	1348997	ebb760cc3152714792d0d8d220f705a8b03d92e2365530e69ef4a5189ea3b5d1	validated_file
histoplus/m26-006/selected_tile_manifest.csv	11174	bcbeab5e8baceba84b10f1f62ec7bc3ecfe345ae02529e98d0a05d961596a5c3	validated_file
histoplus/m26-006/selected_tiles_overview.png	2218014	1225a60cbe6312a9c50fdab6d5c7c3401761411c28c0dc467ee3b4fa2fecb96e	validated_file
histoplus/m26-006/tile_class_counts.csv	6463	9c4fd8a9794960fed969c894c7df4515b99b03590862dfc704c12bff1ecef997	validated_file
histoplus/m26-006/tile_cv_features.csv	19324	17e11ace35369db56098a0a9d344ad345a707e1028990dd8c2369c8b30fbee8b	validated_file
histoplus/m26-007/candidate_tile_manifest.csv	108428	6d0866c57929061fd31ccb52fac016121eb6caa87971cb101e03ba70508dc16d	validated_file
histoplus/m26-007/cells.parquet	12053320	c037941ff8437f2b547fed9969fc8a908b4dd611e596c3b8f19793f3e88339b6	validated_file
histoplus/m26-007/inference_receipt.json	4780	b58a5a0ecc649e3658e8a8baaf919273842d0c8e9ab616d97f9ad2e1e0d4ef86	validated_file
histoplus/m26-007/phenotype_summary.csv	6857	e106c80a89221efbd265498a80f884f64159ec5084d061b6d36c475c8a8fc8f5	validated_file
histoplus/m26-007/provisional_tile_pixel_qc.csv	5522	d2895bbfb02f705931cf3884f79826106ba72c7bd9d98687f04b8b7c23f3d749	validated_file
histoplus/m26-007/representative_histoplus_overlay.png	1541590	2f3d2469c8f81a3e4b2b9d26fd3cf564e93c927f6134c822e36c8f41fd43c00a	validated_file
histoplus/m26-007/selected_tile_manifest.csv	11178	7a0c6be15c9e3183dc74e7f5c4e10ef65102a5bef2e9046fd885b60cf280f086	validated_file
histoplus/m26-007/selected_tiles_overview.png	1955762	e87a4b2230451fae5ec99e69e95753ae6d5a3349fa34e881afcd3b5e5c8fb786	validated_file
histoplus/m26-007/tile_class_counts.csv	6460	f4f38de9efa3978614f002b3ef61bdf4f46cfb408fd03de3e2ac290b79da5fe1	validated_file
histoplus/m26-007/tile_cv_features.csv	19265	54943be91a0f14da8f36088183f7a38f16f9b3dcfd4ce3ee71bc3ab7544f9d8b	validated_file
histoplus/m26-008/candidate_tile_manifest.csv	80529	f7a203abd0c48d9008c07f7389c14d6f7ea9ce9c059761bae63c2a31c87474ae	validated_file
histoplus/m26-008/cells.parquet	12175904	58e707e3d90e6d4202a1b6673c4b8c4fdb40afd7f572622090a6af3b7d067c14	validated_file
histoplus/m26-008/inference_receipt.json	4779	993ca46ce7d5a52945a066167bebeb5cdd41ca2e0930411dd1f5499d5bf36b3c	validated_file
histoplus/m26-008/phenotype_summary.csv	6804	002a43a7eeaf4dda681d8f8f0253dabaa07c45165bd07a03e1a357fa4a1cbb02	validated_file
histoplus/m26-008/provisional_tile_pixel_qc.csv	5531	2586d201660b4c7db749911d1c03c1d740a5b78f0038269117e15d2b5142d68c	validated_file
histoplus/m26-008/representative_histoplus_overlay.png	1446749	5b7577cdacfcb21ccb7a079f4895b20a11dbb582cca5a85bc3cc4e67ed0cc170	validated_file
histoplus/m26-008/selected_tile_manifest.csv	11163	2dc3eaf3ae986351ba36e8b0bffb57c609524720d95a6aa7eaf46a8281e7a6f2	validated_file
histoplus/m26-008/selected_tiles_overview.png	1972805	5e512edc1856519c89e8b2e2d0509d2e5c7dfadb259116928ba210ea53438fcf	validated_file
histoplus/m26-008/tile_class_counts.csv	6555	14d3c64e7429169488361f62852eed949c3ae4df9fbececfe6d8373eb0d6caeb	validated_file
histoplus/m26-008/tile_cv_features.csv	19332	d3dfe1c066784dddfe9b8a30950c8bb41ab538eff99fa0fdb5c5f6cbfeb780b1	validated_file
histoplus/m26-009/candidate_tile_manifest.csv	146733	33c42b4fa13b0ec3f57b9c44aaf9e6f4d15ed18a95784975aba0d721b65c8c6f	validated_file
histoplus/m26-009/cells.parquet	8752103	2778b240b61b9b358fb0b565ae37e86d7f9468d6629b98f5de6a1fc45290695c	validated_file
histoplus/m26-009/inference_receipt.json	4781	4dc1e9f866f3a5b0d318bdbe110cf62f8527a11f61bc2f7ecd6c5979377deda1	validated_file
histoplus/m26-009/phenotype_summary.csv	6826	338ee5c64730b1a344d35f3ae9ae92ec339e668c6ca9bdfd786bb48008b336ab	validated_file
histoplus/m26-009/provisional_tile_pixel_qc.csv	5548	bf4250a4005180c6c02c11bb8b9a55fbd8f45c5142d4d024b9ca8d0224a7c1ba	validated_file
histoplus/m26-009/representative_histoplus_overlay.png	1477759	0b678c912ec2c668fe28f5d62a2ff204c876bc2fec46d1f7b5cbbd680e539544	validated_file
histoplus/m26-009/selected_tile_manifest.csv	11177	c8436914b977a70a543ffda2c4092f12157ac82b63f90d460437c45ccd860ada	validated_file
histoplus/m26-009/selected_tiles_overview.png	2905500	835a722ac45f42d2499fb91adb06778e131d035492c741ef5a2b36e1fab7fa7c	validated_file
histoplus/m26-009/tile_class_counts.csv	6465	9123745fefcc29d160505aa41868c9b4fa6deaffa4fbf9bbc380dfd9f053b33d	validated_file
histoplus/m26-009/tile_cv_features.csv	19331	016689d279f21b2c0c9efcac82639d8c6ebb32430615660a96bf26f8c9796061	validated_file
histoplus/m26-010/candidate_tile_manifest.csv	52980	2d8f1a792a99937f712b18580fab557578bb50792849f18901bf6a403cba8cfa	validated_file
histoplus/m26-010/cells.parquet	10524017	66d2bddf6b2e1b944c6f65778b4a5892273b196054d4aae0608eb6b92926cadd	validated_file
histoplus/m26-010/inference_receipt.json	4780	380b91e87644c6eafd0c0870f7a953f2f948f990ba2b0ae18ed67ac957c0ce29	validated_file
histoplus/m26-010/phenotype_summary.csv	6807	f7884a390227106dc8404df80bb5500709ed85aa1547b684b789849f96a9ca34	validated_file
histoplus/m26-010/provisional_tile_pixel_qc.csv	5523	26154faf83d0dcb8414ed21ef96e21bd64655b25504f7879f295f861b32f73ad	validated_file
histoplus/m26-010/representative_histoplus_overlay.png	1394550	660aa744e899bdb4e4e9b0e2e5aea2675e3e7345c2359acb84498e34b915618e	validated_file
histoplus/m26-010/selected_tile_manifest.csv	11142	7badbeecee34401a438ea07bc0772bef473d1cfca4f5821b64b67c735ce7fe17	validated_file
histoplus/m26-010/selected_tiles_overview.png	1528779	a39cff64d6ef95f4ab1829505f9c94d1ad044bf035820d6e35059adc035f7603	validated_file
histoplus/m26-010/tile_class_counts.csv	6526	275c1553b34838ce9a50a1c0537a44fb485e83552a7b473a4c67eb08f9a661f4	validated_file
histoplus/m26-010/tile_cv_features.csv	19379	4374285654b4a6b1a2bd343231b653bd05a8469b79739d52ec3ce306a3a6ca75	validated_file
histoplus/m26-011/candidate_tile_manifest.csv	77342	f55d2be5055fc58b91a8eb76c17c1653acd61a93c72eca5f55e2f16780eac621	validated_file
histoplus/m26-011/cells.parquet	12969219	9386e3a138d8e7dd0746d52bc38664b34849117cc5c5a00a323aa09ec4e662ae	validated_file
histoplus/m26-011/inference_receipt.json	4780	92b52f6115a7a0e2d8afb0273271a7a844775ede74c301075622e665b865febf	validated_file
histoplus/m26-011/phenotype_summary.csv	6812	58748d4b1734f1227a44d006dffd9cdfad066728c55f10f152571ac3c0800c91	validated_file
histoplus/m26-011/provisional_tile_pixel_qc.csv	5531	2b7bb7dc7216986982a9a6b73f39095a5551bae7122d2cf57f94f20ef5274289	validated_file
histoplus/m26-011/representative_histoplus_overlay.png	1363643	c67568545903b58c62171085844f62eb844155f582b3a75952074be72ea1d62f	validated_file
histoplus/m26-011/selected_tile_manifest.csv	11155	77a3c018a5f7571a33d39995a99f894480332c67d38750556cf10e71ce68050c	validated_file
histoplus/m26-011/selected_tiles_overview.png	1690630	9b19d4ccee6d6bf7d3b5accfc97ae4375549650e0de48816a8a91cb56b2b7a61	validated_file
histoplus/m26-011/tile_class_counts.csv	6570	be6eb8601ed00c5e4443c6537a98e82a81ec409f35c2ee129ba0fc298553e354	validated_file
histoplus/m26-011/tile_cv_features.csv	19349	b9f746b037403ad351c0e142f3af954a7efeb0691a7f0ba08dc35d7eb05a4b82	validated_file
histoplus/m26-012/candidate_tile_manifest.csv	103724	07e15e27509f87a780120b25879ea923fd921f66d8018edc812660a7d1d95df2	validated_file
histoplus/m26-012/cells.parquet	13770796	ef929d03ad6e5505dab410dd7ad9d19d60f7d3e6814f5fd4302de1c11507fb3c	validated_file
histoplus/m26-012/inference_receipt.json	4780	2d52e2ba6fe401262e90f81fb99b5834940c634f76639541096b2d2bd5a7c5dd	validated_file
histoplus/m26-012/phenotype_summary.csv	7007	87667d8a988beb0d92e8fa5c3318232466683a71fc35ab82b766a96e3b96acdc	validated_file
histoplus/m26-012/provisional_tile_pixel_qc.csv	5528	42d28929747f2838ee29aa774426d8eb2438079318483c1268a986d706cc8ed7	validated_file
histoplus/m26-012/representative_histoplus_overlay.png	1406527	8d25b6bda5f3dd9762fcc69271a116cdcb65b27571037a74daae65e136498f37	validated_file
histoplus/m26-012/selected_tile_manifest.csv	11172	d278e8cf7b5195e61918068067b09dbe24a3b9fc2ec602f925ae685b8824cf03	validated_file
histoplus/m26-012/selected_tiles_overview.png	2352947	9143972c8a23f0384639500cdf0f344a24c58b9cf771eef1ab6b1dcec80144ad	validated_file
histoplus/m26-012/tile_class_counts.csv	6481	ff8e1c464bed4def2a4cf1616a0b36abb24a35ef098b1befc71a964df0889aec	validated_file
histoplus/m26-012/tile_cv_features.csv	19187	5e5674f0bedd1a42bc8f7ae14abbab4eedf10d793dab4b3d45c471c036255082	validated_file
histoplus/m26-013/candidate_tile_manifest.csv	86209	7edd520ad8ca795f966ffcbca7b5be4649234512757b22470cf4cbb20d6b9cd5	validated_file
histoplus/m26-013/cells.parquet	12411752	f6ac760ff6aa07f6ff19fb5cdb2ac69be661402b0eb7ff6c6f3cbff2f7787029	validated_file
histoplus/m26-013/inference_receipt.json	4780	b23db76e08fd36cf0f723648985fd4201a5927fb4296d16d0327f2e91c35cfba	validated_file
histoplus/m26-013/phenotype_summary.csv	7046	5935e2018d84308647eeff19845fc10a698c23a77c2aa958b0d05e7b537bc229	validated_file
histoplus/m26-013/provisional_tile_pixel_qc.csv	5537	efe7640bb4ee39e7d2d884af301dafbcca2750ed4558b5e3ea1f4ff8daa6fbaf	validated_file
histoplus/m26-013/representative_histoplus_overlay.png	1355086	7f66f44325cede4f0aa2b94d235cd5cffae11c6d14110e549d3d31ebdc4a48bb	validated_file
histoplus/m26-013/selected_tile_manifest.csv	11168	7302f106704f68765e2d3f5b084955fd7330b4a6ecfd9ee42b639730d204ded1	validated_file
histoplus/m26-013/selected_tiles_overview.png	1994906	c4d7d94c0dc7f5df5de46b45f0f6056390e1c390edd1aebce6e6b977505149b6	validated_file
histoplus/m26-013/tile_class_counts.csv	6609	9f3a17254124a7111a79bc579da34b363a787e268362553fd68c3afa6b9e9b3a	validated_file
histoplus/m26-013/tile_cv_features.csv	19383	cad4850762be3866f54da4409046792d9e71eb02efbfc04911122dd094738a28	validated_file
histoplus/m26-014/candidate_tile_manifest.csv	88963	03890c8af7f6e30534809fae4f332f75ed2ae577a28966f37bd91b115c6d9f9c	validated_file
histoplus/m26-014/cells.parquet	11045951	97cacec26dae1b471fe1bcd078f3ffd059cde906d2cdb47525dfbff87e0fa9b2	validated_file
histoplus/m26-014/inference_receipt.json	4778	a52bd5a52cc24e16db5fd7ebb5206ad1b126add78cec0af5f0387dfd96bc4bd2	validated_file
histoplus/m26-014/phenotype_summary.csv	6887	58e2511862561902513d7a5401dcf8771cf679af939e36e5c261ee69835570f3	validated_file
histoplus/m26-014/provisional_tile_pixel_qc.csv	5525	89f56daf1205c4d9130fd724765a02a93436d360bbb2f365646fe4802de2441c	validated_file
histoplus/m26-014/representative_histoplus_overlay.png	1463118	8586e7465757d5e2a9dc671f552a7db93c2b93329939432a9cf26231ee887d45	validated_file
histoplus/m26-014/selected_tile_manifest.csv	11163	5a780055f8c6ea1e28ef907d44a4030f1b3872d3173528962d507380cd09a6bd	validated_file
histoplus/m26-014/selected_tiles_overview.png	2183683	a697793c2591d4fa673c2e97b0966efb08d2fafdad20566164665b4c15c6cf34	validated_file
histoplus/m26-014/tile_class_counts.csv	6502	94dcb20b31a0821638da3915483cccaa277be3b2bd4fd89c873bd0e937c743e3	validated_file
histoplus/m26-014/tile_cv_features.csv	19335	407d764eb5f0a060a0ce03e9d949f1b2f05e321174d082d998e75493b8e6b4e9	validated_file
histoplus/m26-015/candidate_tile_manifest.csv	86305	fbab23911a97f0c9ebc002525537d2376878327c59fa108fa237a08ea59df38a	validated_file
histoplus/m26-015/cells.parquet	11038866	6506d2155db15e434b75ac2a43efd28fb3a1b25e4edd64df011471fdfe988715	validated_file
histoplus/m26-015/inference_receipt.json	4777	9bb6366b616b0a0a34a3de5632e99ef15e5772c9b523403cbcb8652e7d797678	validated_file
histoplus/m26-015/phenotype_summary.csv	6696	d6bba7129a247ad41af753c8196871cc0287da029781e135fac548eb01c407de	validated_file
histoplus/m26-015/provisional_tile_pixel_qc.csv	5531	144183c4053be59afe321b9c59d4ea975809f8f782acf5f8f16e86da7a964fa8	validated_file
histoplus/m26-015/representative_histoplus_overlay.png	1493405	f5b42bf6f029d202a89b0c9bf12be3599eeb5ceb30503eeee00d9b8c634afb76	validated_file
histoplus/m26-015/selected_tile_manifest.csv	11167	1084332a034375e0cfb2e7bc919758fc7f8b039965888c04c1f85019f37c1766	validated_file
histoplus/m26-015/selected_tiles_overview.png	1833527	b606631ce6e823f72004f907190ecba00a1bfa53a9592b6a01289466da88fe2e	validated_file
histoplus/m26-015/tile_class_counts.csv	6287	b63564993a182e4457eee927448f7fb8838b4f8c19539bff14fe99dd855aec68	validated_file
histoplus/m26-015/tile_cv_features.csv	19119	e8317539e9dc1cfeb23a29475e41031a83410d53077630ba9fca5a0e004c5580	validated_file
histoplus/m26-016/candidate_tile_manifest.csv	127963	b228be7da30ee29cf13bb49ffaabede7b39b555a8638bd3da89d6cebe4b33338	validated_file
histoplus/m26-016/cells.parquet	9381466	92a84a5b6babc6d3fd87989a8d5f452211386c2f94297a70d1d70546d48ca2e9	validated_file
histoplus/m26-016/inference_receipt.json	4777	ca9f99fad9345e2a9dc03db855a7f8ea2e5ef6378905b5b0f17c5c0cb6381fd8	validated_file
histoplus/m26-016/phenotype_summary.csv	6796	7e99494570a39e83d975720c8925eb572dca047916e53271f815b754d44b0438	validated_file
histoplus/m26-016/provisional_tile_pixel_qc.csv	5529	2360bb20abdc7a8ec332ba5bafa88ff15d2a823ea2eeacc3c67770f5be479cb7	validated_file
histoplus/m26-016/representative_histoplus_overlay.png	1454769	d1b0327cb4dfda20769b1c3fd5f1f0ac1678d2acdab0e3ab2a70e5e341562876	validated_file
histoplus/m26-016/selected_tile_manifest.csv	11179	86422ec5aa4ede33cc4a44fc585175a5cc7c80ef515f7ae1c0c37c6e37802bc3	validated_file
histoplus/m26-016/selected_tiles_overview.png	2142355	421bf03ccaae1c242925ba223a5ffd36dfc5037f0d4c1013c6a96881db6665de	validated_file
histoplus/m26-016/tile_class_counts.csv	6283	65ab73f2b333a06e981a8d484a0af1cc2d8af74d1b250daf53ea71eeff61988d	validated_file
histoplus/m26-016/tile_cv_features.csv	19067	f93db73fa82de5d5a8f294d09a617cae2889931f17a484734cc36512cf954894	validated_file
histoplus/m26-017/candidate_tile_manifest.csv	112251	82322b152f77bd86a2e29188dc77050228448b19b7e64b4bd403ad4fbcaa8c8d	validated_file
histoplus/m26-017/cells.parquet	11870159	30fbb56ca959062a0ae5ed16173ec4affc8cab820400affc30874e252bbccdbd	validated_file
histoplus/m26-017/inference_receipt.json	4777	2d9504d5d35f2f4ba2d962a4162f855933e62fe253169380cc6e1b6765928424	validated_file
histoplus/m26-017/phenotype_summary.csv	6904	8400f3f56a5449ffde046d43604f34e92a9b44cb7658b864914baaa3c1f16137	validated_file
histoplus/m26-017/provisional_tile_pixel_qc.csv	5526	94bb90e50e16308e308724cddcc3175a0f4aca9a513d1ecef7058cd954d19e39	validated_file
histoplus/m26-017/representative_histoplus_overlay.png	1383085	276d79867b5372a09574de2e635e637871671cb00b51037dddc46363b19b202a	validated_file
histoplus/m26-017/selected_tile_manifest.csv	11174	b0b2dec50aa871594c07383a5661e076f3c11232861f62ee891bbd9f78789ff0	validated_file
histoplus/m26-017/selected_tiles_overview.png	2302818	432e68d092aff18a4c190739528d45efabb72310e4b0b24c2cceb1113d5c4709	validated_file
histoplus/m26-017/tile_class_counts.csv	6269	a033e389baa6d32e9cfff2c83d4600ba22e92c60a0319d44a37dcfd85a82e65e	validated_file
histoplus/m26-017/tile_cv_features.csv	19095	1f6bd0e4ad240588022d6ddd7bb48bc338eafb77c855cdb5467bb3bc7e3d9f03	validated_file
histoplus/m26-018/candidate_tile_manifest.csv	93575	63a5aa430e2f8537f629af125a8ca0fe903e9948a9f9e97b3794726bd8340c6c	validated_file
histoplus/m26-018/cells.parquet	11506630	2999859eddb88b805d04c5329d31c1aebc28ba7a8e6a7db9e5d22891a6ab71d2	validated_file
histoplus/m26-018/inference_receipt.json	4777	47801a4dc839d010ce496a593fdc0e0af32a8bcb462fbba3e712908fd2fce9ec	validated_file
histoplus/m26-018/phenotype_summary.csv	6764	9f2d6500dd0b48227995a018efc7bd123465e2b77bde3d3fac75a8b5897d6d91	validated_file
histoplus/m26-018/provisional_tile_pixel_qc.csv	5514	24ad9d955928ee59aa9634851563a3adcce5dfadbb2527c20b0a29d0038fa9c5	validated_file
histoplus/m26-018/representative_histoplus_overlay.png	1502805	32e278276a13ae476e793da0cea9a63456c9ffce38501f87c5acc4325690bcfe	validated_file
histoplus/m26-018/selected_tile_manifest.csv	11167	1006c7fcd1b7c475345e86db329002d5a9581a6f6c521156caacb063281580fe	validated_file
histoplus/m26-018/selected_tiles_overview.png	1186557	b742f4fe961c5ba5e6ecb533eb4aa16125abadeb6d97c298a9d1db52209ae240	validated_file
histoplus/m26-018/tile_class_counts.csv	6068	d8385210c67779901814ea185cc0ba99b697dabe60e25467bf536cf44d71c6a0	validated_file
histoplus/m26-018/tile_cv_features.csv	19130	b828507213d2503e87d37f56b8e44d0fee9e78267817a07ae5eef3661f1f13e4	validated_file
histoplus/m26-019/candidate_tile_manifest.csv	84766	d189e4476c6733479cb4600bd9fc843664c8897c9c62ec33c21464e71273ba8c	validated_file
histoplus/m26-019/cells.parquet	11773985	42d954e8e07a18eb138c886724d363bc667b17ff9c544bbea2102fe10b7bde3b	validated_file
histoplus/m26-019/inference_receipt.json	4775	dfd3c6d0c061714adf656fb85aa7022949d0a8fa4ae79e39e30216d72d074e1e	validated_file
histoplus/m26-019/phenotype_summary.csv	6661	fb97567af22b425bba753224a4175a2dcba4bf890719523b6423337c8b0e46b6	validated_file
histoplus/m26-019/provisional_tile_pixel_qc.csv	5530	41b70ff150265e6d7fdfe2c82190d001acb0f17fcae5132217f3d1539d2cc407	validated_file
histoplus/m26-019/representative_histoplus_overlay.png	1331314	773b93aebc44876ea877d201492dc08ae186fd6abb8cbf53a2a4941ade9d26e4	validated_file
histoplus/m26-019/selected_tile_manifest.csv	11172	9a69e0dafcb2bcb7b4bf11c28885b3b1a4d5e5864a575415fea6c09c5b194878	validated_file
histoplus/m26-019/selected_tiles_overview.png	1696459	f3f812ebab746a32884c8b0f585a4a2840b053068dd4237a73e0b9d97ceac29d	validated_file
histoplus/m26-019/tile_class_counts.csv	6198	bf0c3b904822aa5bdb85e2cd5eeaf234d3426116ba5f94b18f6c58f1a5ada672	validated_file
histoplus/m26-019/tile_cv_features.csv	19079	415d6bfa9fd83a919c84059a7a65155cd5e27b7cea35db205d16f98c0b8c6cc8	validated_file
histoplus/m26-020/candidate_tile_manifest.csv	70991	6c54b4364b3c822183678ae4cd7baf91203041ce95b5ce334313e163c60e3940	validated_file
histoplus/m26-020/cells.parquet	13903110	23ef767eafbc639b48f98cc8f1924790f1e3d406c4242f3abb15e46e813fc07f	validated_file
histoplus/m26-020/inference_receipt.json	4775	eaf07b919181caa79450888d72a9fdad5ae3a1ea0184cd7cdcf89093939411b5	validated_file
histoplus/m26-020/phenotype_summary.csv	6805	019408adac7e471be87cb60c2733c052c563c8a485134fe34f1842fae87cb054	validated_file
histoplus/m26-020/provisional_tile_pixel_qc.csv	5525	6ec17da596c1e6e40dbb49d12f21379281551846cbb29dc3cc3e88becb8b69dc	validated_file
histoplus/m26-020/representative_histoplus_overlay.png	1316822	1b57235f3246baedfcdec3a9489233081a68b758c3c0333b1309e6de3b6b5a2c	validated_file
histoplus/m26-020/selected_tile_manifest.csv	11170	8ee904c93c0e0f7a80a413ee25eb498671ab4af26b19f8f48017fa55b80170b6	validated_file
histoplus/m26-020/selected_tiles_overview.png	1580771	d03aac5bf7da850549dda04a0161e1f24ba1badb39f7709eb9f8440043cd2b24	validated_file
histoplus/m26-020/tile_class_counts.csv	6247	a0bd89787c9bc7e7aaa5a0e733343b7da6d2bce712c311c685941929db5b0fe5	validated_file
histoplus/m26-020/tile_cv_features.csv	19163	5cf76830f5cc45aea11f4d672010fdd6c1b7ada05c5e497715baabb819d16192	validated_file
histoplus/m26-021/candidate_tile_manifest.csv	92653	74f72525a7e390f97754bcd6fed34cf74624e66f09927201f70029e6b395498a	validated_file
histoplus/m26-021/cells.parquet	11658876	7643f0879d2f3732074b35e0d44eda844d57ec67bacb5d90974469a87b2af7e4	validated_file
histoplus/m26-021/inference_receipt.json	4776	eb776458b0b164f2ed80858858defe04298a7c49ec007e7f272f6b01994e0103	validated_file
histoplus/m26-021/phenotype_summary.csv	6883	7a3fcd92e448ca9493f254b50c6d4d93d37cce03869183bd877835c2de4d16aa	validated_file
histoplus/m26-021/provisional_tile_pixel_qc.csv	5554	a718706c9752726c3e90fea77e82c49c79b6873c36fb6f0e43b9041f4a7e531d	validated_file
histoplus/m26-021/representative_histoplus_overlay.png	1393478	7538c4b3521e03c13a8c376c57a8b6ec673301dc1f40e3637219858cb88c8731	validated_file
histoplus/m26-021/selected_tile_manifest.csv	11172	706476e006954d9eb33ad34e93ca935ca6e5b9afc7465eb6a8b3bb3ae194ca9a	validated_file
histoplus/m26-021/selected_tiles_overview.png	1606074	483ae917a656eb4b56e790175fa66aeb350cbc9a6465c3cf05789c2b57aaf155	validated_file
histoplus/m26-021/tile_class_counts.csv	6265	71d9baef44029125be6e20cc010fb27ce536dfd299a2e2727c17963dd0134ba1	validated_file
histoplus/m26-021/tile_cv_features.csv	19170	f9398b86f468115870d052875ef06787ae5664f649aee551e22cd49d2b0778d3	validated_file
histoplus/m26-022/candidate_tile_manifest.csv	80395	1b4868269323e75128940c48fbdc05580c13138ca506a3fe217af4fc632c3a72	validated_file
histoplus/m26-022/cells.parquet	11308186	f9c6bd998ee183071f5e85e22009ea375f882bb93df90775440630e264efdaf4	validated_file
histoplus/m26-022/inference_receipt.json	4780	3365ed55bb66d5f88917f1041c02577f0dd79760e0cb9b6650c4ae8847a8d34c	validated_file
histoplus/m26-022/phenotype_summary.csv	6873	afc2bab4aa26deb44d897800b52208744cb76e7689df7db1828db343448346cb	validated_file
histoplus/m26-022/provisional_tile_pixel_qc.csv	5514	5ce3d0ca48e64f937c2011322b75ab9a137cad34e350661b3347d76f2686afb6	validated_file
histoplus/m26-022/representative_histoplus_overlay.png	1310272	ddf84e326acc130688ee13c449f3f2e1b9c1f1d86be9a31873dcc216a245b18b	validated_file
histoplus/m26-022/selected_tile_manifest.csv	11167	1d8a9469ddc8c09c454213ea62c59a3e650f02c2dc4ea3c52709491a40ef5717	validated_file
histoplus/m26-022/selected_tiles_overview.png	1696609	7c3a39a7f52fb1cbf90bc14e7bdc129053bb4c63a265557dc6445fc171a04dcf	validated_file
histoplus/m26-022/tile_class_counts.csv	6510	ce64ffce04e02f3936da0757019a971b3a6a236bbafb74658a609c0e151ea9df	validated_file
histoplus/m26-022/tile_cv_features.csv	19297	b9f2f6ea2a05dfd64992f457aa52399cf70a8ae00aff323d1ee4624f13ceb5d4	validated_file
histoplus/m26-023/candidate_tile_manifest.csv	82052	5b09e8dd6c4b2290baa44b70585317878661cdd2b73efb34f9e8c7ff2f02be6e	validated_file
histoplus/m26-023/cells.parquet	9169496	ff306c216d59d4968932e7135ce63e5820675a249b611df92791c07c8e75f5ef	validated_file
histoplus/m26-023/inference_receipt.json	4778	e014a734ebd56b756b961ec7726003cd811c497ce29e3ac640c04de799588885	validated_file
histoplus/m26-023/phenotype_summary.csv	6817	68afc839494bec01e91900553efd69763f2ed583fb9054ff8237bf8d39b3ec3c	validated_file
histoplus/m26-023/provisional_tile_pixel_qc.csv	5515	8e39b234e5ae932325a3be27043f470534afe6476066c2e48db03f9300274d85	validated_file
histoplus/m26-023/representative_histoplus_overlay.png	1253918	c074e0780bf83d50b2a54afd2ffae6341a457a6c3fa34bca4d03e65076fa116e	validated_file
histoplus/m26-023/selected_tile_manifest.csv	11168	137c6da88dc6edaf9e77868a1971b934d0f8f4a4ebf8e5c2d50d7edcef071b96	validated_file
histoplus/m26-023/selected_tiles_overview.png	1668790	466ad5190a3d6921875821275dc2a5b4c98723334d2a2dda0e8f3b07d19e2b44	validated_file
histoplus/m26-023/tile_class_counts.csv	6450	a9829282b3dff47f43a9f240a62e64940028930bd879ee86fdd0d4eeef5d5b5b	validated_file
histoplus/m26-023/tile_cv_features.csv	19246	0cd3f48920b58433ec4ca5c41336c9db82fbec21f6f7e8a8ff813221683a3299	validated_file
histoplus/m26-024/candidate_tile_manifest.csv	102079	d43dfb0b803802c44af31506a49730d6326ada9fe7e1b232815c742fed10de2d	validated_file
histoplus/m26-024/cells.parquet	12400368	7931b1dbc77ff61a585bdf518e2adcd97b66b6cf21a499f8794437fba4ac39d6	validated_file
histoplus/m26-024/inference_receipt.json	4779	6e9a94f445ee4e1fc2fca5a18214e193bedfa65f9a70d47684e1f3e5b72a11ca	validated_file
histoplus/m26-024/phenotype_summary.csv	6956	f5bfdd6a31330035c09f0136cd63e596e856437051a0a60337532801f2137a75	validated_file
histoplus/m26-024/provisional_tile_pixel_qc.csv	5538	7bcf8485967b55156fb32bdeface67a9e3e07f6073ef3cc0d07dcacd41bf6ad6	validated_file
histoplus/m26-024/representative_histoplus_overlay.png	1468099	cffa4197b18481ddb9711c9ad9b4781415c73e0b834cf38ea7d9a6db8734331c	validated_file
histoplus/m26-024/selected_tile_manifest.csv	11180	c9a68a1769f2e3ef13b8ae3182436dbe495de9436cca15a88d472e658bcd580f	validated_file
histoplus/m26-024/selected_tiles_overview.png	2120445	63823cafd99d95b9d123e5ef8ac7c3d66ebd49793b067d3fa770b98dd07d6b1f	validated_file
histoplus/m26-024/tile_class_counts.csv	6411	9aa2ccad215773a6c17651f510cfdf30ede1c0ba1b32dc1f4cde93b08bd4ba16	validated_file
histoplus/m26-024/tile_cv_features.csv	19324	bd0263fe7fd7b96f2273a335763f80ab9c46c828baad891861f2c812406c7d6f	validated_file
legends/Figure_S3_LEGEND.txt	4321	e35c7de2335d7797a7fcd8c55dbcf69b8457830a387263dd594d4d21eb79d053	validated_file
legends/Figure_S3_LEGEND_spanish.txt	5209	29c0b3b765e306154bf919c0cba326d9cf19226499ff8e2d2304f45201b6bb23	validated_file
legends/Figure_S3_Panel_A_LEGEND.txt	332	8d789bbc0293e20d16b5a3ead9bdcae61a3004aaedab26bdb986dccf550f5b49	validated_file
legends/Figure_S3_Panel_A_LEGEND_spanish.txt	390	f32b80fa36676d4ed2d731e13d428644f6261cf2146635f6134e77e221479224	validated_file
legends/Figure_S3_Panel_B_LEGEND.txt	306	234386fc695f21f26591a24bc31cba8366c68cad7dad15364842f6da9e2cf9eb	validated_file
legends/Figure_S3_Panel_B_LEGEND_spanish.txt	385	ce83051b8f0732f90ceb95f925369eb6d32fe6716505d31a522067838b58548c	validated_file
legends/Figure_S3_Panel_C_LEGEND.txt	659	07b2770940221ea5415980e3415546eba8e2d417efefe0a5a24cfb52a8911ea7	validated_file
legends/Figure_S3_Panel_C_LEGEND_spanish.txt	794	7f365b79e89923e71ca18a94fd8b243c0a5082ad56aa52a3058d59977f885547	validated_file
legends/Figure_S3_Panel_D_LEGEND.txt	231	91c1fdebf0983ec54f6a5759bc04f91f5e03931b5b052f6ec810922dc9f24fb6	validated_file
legends/Figure_S3_Panel_D_LEGEND_spanish.txt	277	b15df0985a7bc220e89a4bdb04727647e5bc271ef7a4fe0e2f8d3ccb82953723	validated_file
legends/Figure_S3_Panel_E_LEGEND.txt	422	62735eb03e86b5ff56db1353d2215b42b9df61d212ce4dc935b0d93dccac9912	validated_file
legends/Figure_S3_Panel_E_LEGEND_spanish.txt	528	34855071a8dc302a06c96bcd34bbb50e07e11466c30977c9deb9c4a2c037801e	validated_file
legends/Figure_S3_Panel_F_LEGEND.txt	356	4344c3f0d12edd57f1faf658aed8e2efaee93cf9243c6665c3b66232778b590c	validated_file
legends/Figure_S3_Panel_F_LEGEND_spanish.txt	449	291738643142d50efb9d94baad9c19c19fe436464f3cefa4b85967275832ff67	validated_file
logs/validation_hc3_20260909.json	0	e3b0c44298fc1c149afbf4c8996fb92427ae41e4649b934ca495991b7852b855	validated_file
organ_segmentation/m26-001/organ_label_mask.png	18177	16ed698100f39f5d8753be14606fa1138bcc833df73499227ae9b54ecd3a875e	validated_file
organ_segmentation/m26-001/organ_overlay.png	1898415	24c127da180ab518f6df4f7ec428ce4c9bb583261f5a8e944d837b631bab7446	validated_file
organ_segmentation/m26-001/segmentation_receipt.json	1485	d10faa47fb7778c534f3b040543c436a9d3f0b0e51803a514671bdeb2f5e4bfc	validated_file
organ_segmentation/m26-001/tissue_mask.png	18227	f87d6b649b009d3d70557c4bf3ff88666747c7c706ad6647839bb3dd032f5a47	validated_file
organ_segmentation/m26-002/organ_label_mask.png	19611	34b2a3814a64d5b524ddd4dd1d95d76cb643e2572cd099c2a94003ffa00937bb	validated_file
organ_segmentation/m26-002/organ_overlay.png	2354070	4ad893ca246b232883fa76609cb808857cb4d79a22cf5e0f543a2a6ec1bedc68	validated_file
organ_segmentation/m26-002/segmentation_receipt.json	1478	80ab616f5f5d423bd2f820704f50e260c402681abfe827b2446e4e5a3bc14d94	validated_file
organ_segmentation/m26-002/tissue_mask.png	19666	836445ae4b5b59e4edb2a7244154abcfcb13cf57ac7488d1ce09a75659f1a5dc	validated_file
organ_segmentation/m26-003/organ_label_mask.png	17630	030440199c05d566fb859bbb0b773002942cda055de4ddddd4013f795eaab895	validated_file
organ_segmentation/m26-003/organ_overlay.png	1605125	09dfd12e3e3696a09bbd1ac240590149f8237d0f65c6537f429b4895c4e42723	validated_file
organ_segmentation/m26-003/segmentation_receipt.json	1479	ba67c2fd8adef424c47859c2e8fe9d30672ebae6ffd6029dbacf00011f1d14e5	validated_file
organ_segmentation/m26-003/tissue_mask.png	17765	d33726a8adbde7a09309e024409f8c80bf8ca344e7c9f6217fbdafd60a5face4	validated_file
organ_segmentation/m26-004/organ_label_mask.png	18006	47416bb6c81f589f6410d643be322322c12582373d1757ea02d189689bcaeb61	validated_file
organ_segmentation/m26-004/organ_overlay.png	1981933	d3b3c5abc89fe8930a064e000d3cb5db3ef288ff0bca8b2ef5a554cd7b14896c	validated_file
organ_segmentation/m26-004/segmentation_receipt.json	1481	9a8884e0414818f6bd2d0aa4cb464a6d657bb8897029ae1f7ed82d32d89bf4c9	validated_file
organ_segmentation/m26-004/tissue_mask.png	18001	e0eb87ecaa9bc37a635a62972d009e16f1201569a64c71a49dd99fe6f4fb5c38	validated_file
organ_segmentation/m26-005/organ_label_mask.png	14987	8392a07d8adf18ee3fefde00d243e1f27bb09633ec90ca2fdc98b7f3e3ab0890	validated_file
organ_segmentation/m26-005/organ_overlay.png	1774731	216cd86e9fd8bfbf066f24b4d5193fa447657bc48cde3745b3efb26fc7f1b805	validated_file
organ_segmentation/m26-005/segmentation_receipt.json	1483	52cb857746be56cff6e458343c3a8b01179477f3a3377b728671fb304a675bed	validated_file
organ_segmentation/m26-005/tissue_mask.png	15105	811316f6a3a0981bc3a73f7b17b8a92700bcf4eeb5be20a472c956d75735e627	validated_file
organ_segmentation/m26-006/organ_label_mask.png	14707	7068a7faa04efe65b91b8f5ccff6c818946ee03ccd86930dc270c46cb1ff6a47	validated_file
organ_segmentation/m26-006/organ_overlay.png	2077583	f2af4b4f6c9e9615826863cc794ede6b13fe977c7e566569b6609b80f08d4c5c	validated_file
organ_segmentation/m26-006/segmentation_receipt.json	1482	f361a5ace2494178836da594303148a957febd9baaa9d361b9ca260cdb7462b1	validated_file
organ_segmentation/m26-006/tissue_mask.png	14817	a6eaaaf6d904fedc44f5028678d03fe1250411575fc6317a7f709c5b9ed7204a	validated_file
organ_segmentation/m26-007/organ_label_mask.png	22070	25e65a73da65abc0cb3c08dd34bf054b18581fb478a6cec9bf1f33df18df7280	validated_file
organ_segmentation/m26-007/organ_overlay.png	1822404	26bb2392c3a893098a56fe42a0c60ddf7f6ea5f4a9036bd22511f9937015ac64	validated_file
organ_segmentation/m26-007/segmentation_receipt.json	1480	d2f6308bdf2113af28cc0117f0b3529df66b4a8d3f5ed6b4c9ff80df8ce1ea67	validated_file
organ_segmentation/m26-007/tissue_mask.png	22169	aa36ad63c23a67ec094a3fccf150a92264df6f41a1bebb6fdeddf5340d718a3a	validated_file
organ_segmentation/m26-008/organ_label_mask.png	17131	26f89d5300b4e19d4b49746b1056e165d638365e5638b81d3ddcbee0406dc616	validated_file
organ_segmentation/m26-008/organ_overlay.png	1834968	4c2e5cbb422f6cb703146edc38ed4e11e77c4e1ffd4ada60a8bb16e4ebe12740	validated_file
organ_segmentation/m26-008/segmentation_receipt.json	1485	23a42eb5e05228688ac258501bc71e47ac0ef61dc3f1ca1be88cfeed3428651a	validated_file
organ_segmentation/m26-008/tissue_mask.png	17050	d4df6b1bc64fae466f4f6a7de0d72959f273bfbbd8abffea8463e337f1b25aa7	validated_file
organ_segmentation/m26-009/organ_label_mask.png	24356	7e04ddfc0f86472738a81ddc549b33a52ea16429a6ac658f5dd750233d5617ae	validated_file
organ_segmentation/m26-009/organ_overlay.png	2658884	59aec518f983da1e755f5cb4288776f67fc0d7782862194c424a7fe05b204407	validated_file
organ_segmentation/m26-009/segmentation_receipt.json	1484	ef3358aa770c3e58eb3ea09b7e2d12da3f369b9117cde85660e999c4dc5da106	validated_file
organ_segmentation/m26-009/tissue_mask.png	23927	550f00bfc9ac44f78fc78d9476729c82f3d9ac278023ef893554f156501c028e	validated_file
organ_segmentation/m26-010/organ_label_mask.png	16350	9b346cb4586b2c0345f28925c12188e92bc1f4db3410476fad24050092679a81	validated_file
organ_segmentation/m26-010/organ_overlay.png	1419163	393af5684dc4b86db276d757e38161a50139381cf26aaf6def634a2219a2df51	validated_file
organ_segmentation/m26-010/segmentation_receipt.json	1481	25b5151fb8028c1c4829be71c9f4e4b30569d23df326aa905f088457f7239079	validated_file
organ_segmentation/m26-010/tissue_mask.png	16194	57721ef05f32e6723674bf1497802efe49e6a53d054906ee59289bae040e4661	validated_file
organ_segmentation/m26-011/organ_label_mask.png	17593	dce5805063ab84abc3b74b1d71e1d88cb447b77699ed4678507022de5886561b	validated_file
organ_segmentation/m26-011/organ_overlay.png	1554825	635b104920b2bbf28f2d009a141e01d3f965cbc3fa19cdf5f7eb64118b96f6a8	validated_file
organ_segmentation/m26-011/segmentation_receipt.json	1476	dfbb6c15bb2e7edca7cd0fb0ea36928f877d09ed6aced86d817cc1e4b9b0f501	validated_file
organ_segmentation/m26-011/tissue_mask.png	17534	5fed8300f622b2b7b63377b17128076246e2c09d4e1812538f7ea4e8577c5ce3	validated_file
organ_segmentation/m26-012/organ_label_mask.png	17071	6c2cb0a1843b5c52ca5cf517dafc0de627587e22404fc975c2f7c27656f8e21e	validated_file
organ_segmentation/m26-012/organ_overlay.png	2160162	f35dc313828b0dabafaba6c78c221254c1c1c2056fa4a6fd8750c5303df5a1ad	validated_file
organ_segmentation/m26-012/segmentation_receipt.json	1478	71421c86bb49cd7d0f6d0e3e22fd6e375bdc16aa46bad850b78f901ebfd8fe54	validated_file
organ_segmentation/m26-012/tissue_mask.png	17055	ca9d2bbfa4c19d8812a53356375a4ce1de21dd6fff3d548c04a39012e634ab44	validated_file
organ_segmentation/m26-013/organ_label_mask.png	18642	9431ace0c9fec6f5cc3432c5075608756c4aebec17a1d31458d8f23df39742e6	validated_file
organ_segmentation/m26-013/organ_overlay.png	1843097	2b3975324379aba460541c504f1d461ecad8657db2e7f86050901b89a178e534	validated_file
organ_segmentation/m26-013/segmentation_receipt.json	1480	d64f9860644b5cb9e821f73a1dd42839008a3229c5b353649bca4743cc4c6369	validated_file
organ_segmentation/m26-013/tissue_mask.png	18648	edd2b1fa9a7b4ed8f978904fa5abb0cc07b5b02441ae0edf2bd839f7b42625da	validated_file
organ_segmentation/m26-014/organ_label_mask.png	15684	da35438a815465259769bae25f44410f7bca349495cdb0ebd4666a521260480f	validated_file
organ_segmentation/m26-014/organ_overlay.png	2026370	5b88872b4c8942d236260072c92ab5ccaaecb9b203d4ff94971b4338e4f8bcf6	validated_file
organ_segmentation/m26-014/segmentation_receipt.json	1478	80da2f89dd1fee13eae9953b9a657b881c56cd748726a5d162cc81de25f2bfc2	validated_file
organ_segmentation/m26-014/tissue_mask.png	15273	9ec44af0744780afa371680039e1019a402a02cbb369f85a61068ddcacbce90c	validated_file
organ_segmentation/m26-015/organ_label_mask.png	17567	144b18a0fb9d5d4df5fd2409133715076abd73fca550b9ab552aa622898c5afe	validated_file
organ_segmentation/m26-015/organ_overlay.png	1713248	1ea2199ce033776401feabaa756d60333d266c7b7018280bd7b71c2f4cb6b370	validated_file
organ_segmentation/m26-015/segmentation_receipt.json	1482	bdddb1338f859ab5b815828a1a58c749f2ee77a2aa7df20086c1a06f3c8e411c	validated_file
organ_segmentation/m26-015/tissue_mask.png	17609	9cc296b1037d6f5be60b1b32a1ec1e4287817854a2cbe0dac53d9882be66b3e7	validated_file
organ_segmentation/m26-016/organ_label_mask.png	19604	ff1d6504a768272c498c5d56ac2d3bba04b23d6e4a6554ed7d50dbba6ed3ca1d	validated_file
organ_segmentation/m26-016/organ_overlay.png	1994422	4205e6a9a0cd821e9124688ef6a9f4a0ee888df40b98e8143465003bf10ceb7a	validated_file
organ_segmentation/m26-016/segmentation_receipt.json	1486	c51c44a664b534313cbde11f1fd89218be6d24ca34348504a4852ff53b678624	validated_file
organ_segmentation/m26-016/tissue_mask.png	19589	ee99035b45ebe72ad9142f2377d8ad708bef6179cd29b4c1998c0080bd57f9d0	validated_file
organ_segmentation/m26-017/organ_label_mask.png	20283	d5f2d542a8395f2376faa0505f90d39444db6580d192ad7f9193df9ee762d03c	validated_file
organ_segmentation/m26-017/organ_overlay.png	2132829	d4890cceea08c95de7272609e5be8c4625eff2435b419fc1b733f1f61f3cc953	validated_file
organ_segmentation/m26-017/segmentation_receipt.json	1478	3f28e8abfd9616420e0cff569feed78c609d752f912e7232c7927e56252fed89	validated_file
organ_segmentation/m26-017/tissue_mask.png	20126	da70228798aa94212d65fce3ba11356177801416700dc001d3af03f17b4cd791	validated_file
organ_segmentation/m26-018/organ_label_mask.png	13002	8efd368f7dd8e7591b75fc0aa4b4f8d2a86297210a38f6600cc633029280301b	validated_file
organ_segmentation/m26-018/organ_overlay.png	1114543	c110b532b57f1c7b05df9da00b545eddfc49f2609ae5afbf9787e20244006467	validated_file
organ_segmentation/m26-018/segmentation_receipt.json	1492	ec77f8b62a438876a06fa3d1c8d9a8f0cfccfbfa44cd95a5146483298a4bab8f	validated_file
organ_segmentation/m26-018/tissue_mask.png	12857	30921d16939bd7e59aa9f834a4d4dfb215313439d6f4e55a9cf486b87c2a3396	validated_file
organ_segmentation/m26-019/organ_label_mask.png	18370	c6bbb5673a42cd631c03913591040891c06e5dcb27e4e78a3bb7702837445b10	validated_file
organ_segmentation/m26-019/organ_overlay.png	1567180	032c388fcdaf558cf1cb5f43cd92710dd32fc99e9acf06823e1474b9caad8509	validated_file
organ_segmentation/m26-019/segmentation_receipt.json	1478	5312d3928485d8332db741b258b33bfea8d5429d141263b72d247ab3c3c7195f	validated_file
organ_segmentation/m26-019/tissue_mask.png	18393	27c7533c6e79123f61288fbc93c5c6ae9405de3a5f089be17c9dfc496236291a	validated_file
organ_segmentation/m26-020/organ_label_mask.png	16012	c5a0eb548ca6271438f0af1cccd24d3d459fb35211531a7476d975ee2c04050d	validated_file
organ_segmentation/m26-020/organ_overlay.png	1455624	cbebf841ecef99a95929e44695c6a40c8b38644c45866a15b7026b95ee952deb	validated_file
organ_segmentation/m26-020/segmentation_receipt.json	1475	7d7801292b6912b314345c992a8f882e049c533418d7df6e5a0faa7432497830	validated_file
organ_segmentation/m26-020/tissue_mask.png	15971	190020eeb2d5e70b9cd42c329bd53b671a87882be63b863902c386ed10da8943	validated_file
organ_segmentation/m26-021/organ_label_mask.png	14609	644ddd034d4dbb8fff812568892aa9127dfc54994ac0071635ecb11b5e6094e0	validated_file
organ_segmentation/m26-021/organ_overlay.png	1486144	e4e62237d3bb5dc45579aab8e76a16fb2f9cb4a926eb30ff042736855a8bb988	validated_file
organ_segmentation/m26-021/segmentation_receipt.json	1478	d19b32f3c4e21eb1ad34488653a86a572a18680fda8512ac41cd1fd9365bc805	validated_file
organ_segmentation/m26-021/tissue_mask.png	14768	f86e0431e6db89e355e0dfea3fe27a9479f497dbd7c9d80fe9978d5bac7aaa49	validated_file
organ_segmentation/m26-022/organ_label_mask.png	15939	7731c303f209def5fdb021a3c9432cda20e2f0bb70d808fe8ffdd31822ffe68e	validated_file
organ_segmentation/m26-022/organ_overlay.png	1557654	7d09ab7569c95fabffface4781dccef71c25d28ea2226f01653541fdb8ab62cd	validated_file
organ_segmentation/m26-022/segmentation_receipt.json	1482	cebde13f0b703b901bcc8f56d9bf2fb30754df6312ee9e986184d7627f88d61d	validated_file
organ_segmentation/m26-022/tissue_mask.png	15879	f8f1420a62f4738a00bec8bdf371ab02a21f60ddc1740bb084c884aa421d40c6	validated_file
organ_segmentation/m26-023/organ_label_mask.png	13937	d49d115d8c48598b8a2140f48e132d650fdbbac5f00907df0de08305435efd26	validated_file
organ_segmentation/m26-023/organ_overlay.png	1539453	1bb841952e0370a95fd63e79e15eeb14f4fddf29938cc0e8e2f1b6f4b0822609	validated_file
organ_segmentation/m26-023/segmentation_receipt.json	1477	e70cc6aad239596ebe402eb9a9a9f01d8c60ac95de355be1db2eee3686d8ee9c	validated_file
organ_segmentation/m26-023/tissue_mask.png	14022	ae696f706658043f08fc89c460e6369021c8b6224d7f2bdff38c6784fad8cebe	validated_file
organ_segmentation/m26-024/organ_label_mask.png	29719	cf98dc61369c1ee8e4a974cf4a194ae5837af10c10c3fe93c032d70139ceef96	validated_file
organ_segmentation/m26-024/organ_overlay.png	1919556	1a605da18b3d63388440d8c48033cc91797988e161ef0dab32507b2f0cdf50d1	validated_file
organ_segmentation/m26-024/segmentation_receipt.json	1479	1ae15aa00c3a3a2034cf2126273f92ae2a927501eba29a190beeb8da416f671e	validated_file
organ_segmentation/m26-024/tissue_mask.png	29749	e5524bede6b21ba2b09224f1659a6640173b54b3d0d990f544190e64d8512d95	validated_file
organ_segmentation/segmentation_summary.json	40120	6b1c7d6d6fabad52b3ad5aaa7cb05b04b18cbc5f6ddfb5009f4cc8b90f052219	validated_file
panels/Figure_S3_Panel_A.pdf	45387	1e7f5d6c1ebdcfd2913926788f5467faf29fce49645d225fb4ff59f397db8e8a	validated_file
panels/Figure_S3_Panel_A.png	805625	3e98842c6ef1871f03fa1de6cd3a49b03a3ba57af4df409ea153ef13999264c4	validated_file
panels/Figure_S3_Panel_A_spanish.pdf	44365	dbfad76c1678c071c422186be33bba0100bc5ad0f35ac662216b74703ddd2d8a	validated_file
panels/Figure_S3_Panel_A_spanish.png	859459	e0cb1ccbc34d032e55b481cd9f7b5113e20e19e0177dbffb3cc5b0ef401289cf	validated_file
panels/Figure_S3_Panel_B.pdf	25272	c4df3815915fa86f8a4dae68f861b1c6fc53babb416ebff35fa5666d8301d790	validated_file
panels/Figure_S3_Panel_B.png	261825	7f7d3ccedae790a7a5be6f464bccf63333ca99202d4fab09b4f97328f434f19a	validated_file
panels/Figure_S3_Panel_B_spanish.pdf	25089	4fc6738920a22f52ba7042ade4ffc2b8a69c63ff54527cf9394e50626e144d53	validated_file
panels/Figure_S3_Panel_B_spanish.png	278893	21c42d3ec8dcf033e3cd4b8448e56a5f1e24cc8b00569560eafc1c552ab730fd	validated_file
panels/Figure_S3_Panel_C.pdf	711774	2da93f10fd07b0ca2b0dd855a5e6567120da43dd9d168afe830cdea1f13c32ce	validated_file
panels/Figure_S3_Panel_C.png	21089556	bd8570ed7bb01e2d1843177b592e49bdcafc6f2d20ff46af69088e474226b97b	validated_file
panels/Figure_S3_Panel_C_spanish.pdf	711372	2eeb1a1f6403d0758b4c94d4a894fc1f6f75d793dcb38a4b1b413341423c15a6	validated_file
panels/Figure_S3_Panel_C_spanish.png	21093252	b23ec98b7492533d4226a3095bf936d450bf93cc52feacaadd058ee3843e46fc	validated_file
panels/Figure_S3_Panel_D.pdf	25186	1cd90432700feddcf682ed1bb2b677eb1b3ddbe305304392c5df059007ecc822	validated_file
panels/Figure_S3_Panel_D.png	308600	ad3ac0f89035af63d84f2ca4569d6b0b14b85b089521d7e98f999e21c4ad964e	validated_file
panels/Figure_S3_Panel_D_spanish.pdf	24909	c5f48941699758f658aaf31d03f415fb58a51f3d417eead52d19fb9c86e92b93	validated_file
panels/Figure_S3_Panel_D_spanish.png	311511	8402bac4c05cd07affd1a374460368fc3f3752440ed9f9bdbbfca5921295c4f1	validated_file
panels/Figure_S3_Panel_E.pdf	27702	824550ad6ffec178ae558a483f21b664875c0e604a81ae04acae1fd4968f45db	validated_file
panels/Figure_S3_Panel_E.png	218499	78960044ebdd3ab425668f77b53f8899e19eb8d1aa290fcccf06b93b0c48665a	validated_file
panels/Figure_S3_Panel_E_spanish.pdf	27134	e3ab0c6f2a50f7dc5963faf7ea8b15aa07943553f778dd244ba776dc509497ee	validated_file
panels/Figure_S3_Panel_E_spanish.png	237209	6b9d45a1d8edeb276cff46eb00c1ee662e50cabe5886839057f21e9b006f51f1	validated_file
panels/Figure_S3_Panel_F.pdf	28014	bd09515666f7f6e99ca043623cff76f204cf3676a371211fea1c8a04f2b1ad32	validated_file
panels/Figure_S3_Panel_F.png	330113	db36e0a972187dcb3a53b2cf6d1bdae93954cadaf0b1933e2c27d090cef0b06b	validated_file
panels/Figure_S3_Panel_F_spanish.pdf	27217	66d4d9d56d880febc58277e2814127f1edeba5234132f4cb9d256ae84da79e17	validated_file
panels/Figure_S3_Panel_F_spanish.png	327871	abaf35135a17f312f9b26218aeb8f55a98a29d2b08c4a848cb33d82970c5f527	validated_file
provenance/FIGURE_6_RENUMBERING_AND_RELETTERING_RECEIPT.txt	8699	30e1172649f9a56154bc6597c141a09a32643bc79618753f4466526bf737239a	validated_file
provenance/Figure_S3_Diagnostic_OrganOverview.pdf	70272	c505ad15845f5da4b0c7369190430328aa587ea63f32467aebfd348b0e3ab793	validated_file
provenance/Figure_S3_Diagnostic_OrganOverview.png	1886239	45005772326b844209f14fc500dd7509caa77268879dd39d3929ebd1b5436e5d	validated_file
provenance/Figure_S3_analysis_receipt.json	14187	76375349a20e22088ae31cba25f7801627b19f07d3f27b2b8b2ac2c4adeaf3fc	validated_file
provenance/Figure_S3_organ_identity_migration_audit.csv	1501	af9fc294ac3dd09ff394d1e8714db302a9715fb8d6e8428d0cc2cd7f395375ed	validated_file
provenance/Figure_S3_organ_identity_migration_receipt.json	350	04a130a63e2ff5123cb5bbea7b8ae4170377f5dee225350d607ae2f19932320a	validated_file
provenance/Figure_S3_spanish_translation_receipt.json	3386	0daaea777394daca02f1b9774a349ecc69c24a699232f627386b9ffc7e6545ac	validated_file
provenance/METHOD_SOURCES.md	1848	a52c9594e01d0f5c793ab69952566b6870d64562c71ae027db4192a63bef0e3b	validated_file
provenance/PROMOTION_RECEIPT_20260830T031142Z.json	5610	1971d2b041f8a86f64295ee45bebe6f91ad7e4a5871d4e65078ce9f028af178c	validated_file
provenance/PROMOTION_RECEIPT_20260830T110650Z.json	5150	bd7d0a4dc7ecc09612b2347112c25d6d9ad97b6ebee57fb9f2a6c55604661ef3	validated_file
provenance/PROMOTION_RECEIPT_20260830T144919Z.json	15935	aff4d349ab1f21b1473a408edf817b67e7943c0454fa1466083b8b5937e4684b	validated_file
provenance/PROMOTION_RECEIPT_20260830T155656Z.json	15934	2b567434b0fcb7082405dc0023dbdbb1f230a256cd096672b38dff448acf90e1	validated_file
provenance/PROMOTION_RECEIPT_20260830T182457Z.json	15934	c8405a0b3730bbe4c688f77dc40904094c89a64361b4711b45a4b40245fe8fb4	validated_file
provenance/PROMOTION_RECEIPT_20260831T202025Z.json	16425	5fee5f5a2f1ff9cde8133ee148a3d6d56034e04e93d8eb0ac142e36ab9ee951f	validated_file
provenance/PROMOTION_RECEIPT_20260901T050542Z.json	15935	c998cf894194257ef485c1040dce1b2b4b121ddaf2a5336ad160ac8dd81b376d	validated_file
provenance/PROMOTION_RECEIPT_20260901T055945Z.json	15934	0b01c8676da56037e56d449ca5efb12578daac6fb9f7dea6f96df821dc499106	validated_file
provenance/PROMOTION_RECEIPT_20260904T032214Z.json	15665	22b6603a820cb6ec4cc5b702240687c64b7bd6e95d3cd1b1b1a4f37e4b95ddd9	validated_file
provenance/PROMOTION_RECEIPT_20260904T222313Z.json	15935	6275e72af9eade59b7035451f3787daf1197d6ddac442ee051aff9e0ba2221d3	validated_file
provenance/SUPPLEMENTARY_RENUMBERING_RECEIPT_20260829.txt	6613	81238e9d96380fbfec8a4ac49007d3cc01e11e0e7512e8e8603ac3eb067275ae	validated_file
provenance/inference_summary_before_organ_identity_audit.json	110004	01e3babc3d8a49b51e8a58a12c4f8ee14fb7d72fc58d1cb6a8b2a68b647d8793	validated_file
provenance/metadata_receipt.json	748	e72e95692c51645e5831acf934d1ce436ea0bb73a376b5b4698f9c8b76bb81de	validated_file
raw_data/RAW_DATA_MANIFEST.csv	13814	13afc5f52cd6739c8824a6e9614753ea321a8fb6762f7e5a4cf1bc31786944c2	validated_file
raw_data/README.txt	515	9f4fce63ea337c9b8abf38ea04b68d1da69edc00588ffa421c03321c4c159ee7	validated_file
source_data/Figure_S3_Water_reference_deviation_ANOVA.csv	465	f0d33f7337aef040913d8fab2cf63148d65ba3c4c8eda6dd888f442c23129596	validated_file
source_data/Figure_S3_Water_reference_deviation_contrasts.csv	1449	d6cbf33fb0a8b276a247c9f0f46bd838a395f17bfa9d79cb37522ee0b7f4d746	validated_file
source_data/Figure_S3_Water_reference_deviation_values.csv	16358	8192e9ddb6404c08f48a8fc8b08c2c276e78f08c67b6da59e4a885fa231cf7b3	validated_file
source_data/Figure_S3_animal_composition_clr.csv	139696	f3c08a5fa366755ea721c30102e45a460d5b54f72143aae016a0f0828960834a	validated_file
source_data/Figure_S3_animal_phenotype_counts.csv	5847	0e99c2d6b0f5de3273bd5e748ff237ce378722f76c7a0404720fae57fd320f7c	validated_file
source_data/Figure_S3_classical_cv_animal_values.csv	13857	80b1a77cebc87ca71fec39a590030366487b39ad9b13ca4702b949b17d438adb	validated_file
source_data/Figure_S3_classical_cv_contrasts.csv	10708	3550392cc12c25bf293bf31f91a6ecc5540fe0addacd04a7cbb8c8390557ac98	validated_file
source_data/Figure_S3_composition_contrasts.csv	25263	49624893409f5b2e537d9f4bb0dd3bcdd9cf2e7a03facfa66aeaa04f0b00b068	validated_file
source_data/Figure_S3_composition_pca_scores.csv	14667	cf7a7c1d8f989f26ee08e5481bb18d3475eef8212add09353b174f360de71adc	validated_file
source_data/Figure_S3_displayed_cell_barplot_values.csv	98775	6ce694fda70ccb792c69a1b0444885a3c74e8118e086111d856435c5bd0a3e05	validated_file
source_data/Figure_S3_nomenclature_audit.csv	651	26f88cc985633ad0435daf4aad5ede709d6cfa08c63dbf9fe92d40c7605122e4	validated_file
source_data/Figure_S3_overview_cv_features.csv	20209	63cc25a5e4815ee90aa9aefeeb4016150019ee59e60a62191d9ff9f5bc940995	validated_file
source_data/Figure_S3_sample_organ_manifest.csv	28812	e679a15f2082e9cd2f73305f9ecaee1afb5e6a9c2b978f9e1324bf7806a3d315	validated_file
source_data/Figure_S3_significant_cell_example_manifest.csv	1245	246837c30cd90de97c715dbe7ee1c80c4bba8183662f79dd86fb53231e7b46f7	validated_file
source_data/Figure_S3_slide_manifest.csv	10099	478699d0919d2eaf277c9b4c3b77cf38f11978864b32fb8bbb8d0b3473863472	validated_file
tests/test_figs3_pipeline.py	5254	14f1b8a2a4fc666b85481a763aea88757f7ad2d4020cb978760440aed7cffd4c	validated_file
tests/test_hc3_permutation.py	2265	9d87e8a47371b989b904e917b6c8a4fa1fbde90739b31e1da8200b3b26cb975f	validated_file
