animal_id,sample_id,condition,channel,role,used_by_numeric_analysis,path,size_bytes,sha256
,,,,analysis_code,True,scripts/Fig3/01_analyze_cfos_npy.py,41865,71f3b5f6f12c66d5de757d800d9c138164a29419696769fc5cf629cdc3786490
E8_FR6-1,e8-fr6-1-alulosa-25x,Allulose,DAPI,cellpose_segmentation,True,/tmp/fig3_human_accepted_raw_project_20260823_v1/Paper/Fig3/raw/legacy_experiment_2025_07_28/E8 FR6-1_ALULOSA_25X_dapi_seg.npy,26158262,e57e1d336846e6533c7bfe12ab69dc496976675adee9c5aa700b722ec07052b7
E8_FR6-1,e8-fr6-1-alulosa-25x,Allulose,NPY,cellpose_segmentation,True,/tmp/fig3_human_accepted_raw_project_20260823_v1/Paper/Fig3/raw/legacy_experiment_2025_07_28/E8 FR6-1_ALULOSA_25X_gfp_seg.npy,26822304,2b824aead1503f2afe61d481a8df27256ef244dc66fbedd5480773d78b1a2b2d
E8_FR6-1,e8-fr6-1-alulosa-25x,Allulose,NeuN,cellpose_segmentation,True,/tmp/fig3_human_accepted_raw_project_20260823_v1/Paper/Fig3/raw/legacy_experiment_2025_07_28/E8 FR6-1_ALULOSA_25X_NeuN_seg.npy,26155927,691674651bd7247a15618b65d16da0f3118b2dc24557bb39c2201e1e5d6e9cc1
E8_FR6-1,e8-fr6-1-alulosa-25x,Allulose,c-FOS,cellpose_segmentation,True,/tmp/fig3_human_accepted_raw_project_20260823_v1/Paper/Fig3/raw/legacy_experiment_2025_07_28/E8 FR6-1_ALULOSA_25X_fos_seg.npy,26153957,a94e59e3f6061540590e3ef3f9c470c60021aa9eb4443cef9d94fb2fa8861def
E8_FR6-3,e8-fr6-3-alulosa,Allulose,DAPI,cellpose_segmentation,True,/tmp/fig3_human_accepted_raw_project_20260823_v1/Paper/Fig3/raw/legacy_experiment_2025_07_28/E8-FR6-3_ALULOSA_dapi_seg.npy,26269209,1436fd66b1efa5d89e9f74f43088443a09c6a9cd9b338c7bb8cda9f03b13eca2
E8_FR6-3,e8-fr6-3-alulosa,Allulose,NPY,cellpose_segmentation,True,/tmp/fig3_human_accepted_raw_project_20260823_v1/Paper/Fig3/raw/legacy_experiment_2025_07_28/E8-FR6-3_ALULOSA_gfp_seg.npy,26299747,3abef3c65b50a70f0b640cdf2eece24b22044842b793d2de68519cfe3be14734
E8_FR6-3,e8-fr6-3-alulosa,Allulose,NeuN,cellpose_segmentation,True,/tmp/fig3_human_accepted_raw_project_20260823_v1/Paper/Fig3/raw/legacy_experiment_2025_07_28/E8-FR6-3_ALULOSA_NeuN_seg.npy,26255987,e8d90d1276818619c1e7ecb357a3cd4a36c85595fef1fe0bf9ff7a0f760f8618
E8_FR6-3,e8-fr6-3-alulosa,Allulose,c-FOS,cellpose_segmentation,True,/tmp/fig3_human_accepted_raw_project_20260823_v1/Paper/Fig3/raw/legacy_experiment_2025_07_28/E8-FR6-3_ALULOSA_fos_seg.npy,26261138,1796f5ff8dba14c76c69facc6574d7f386b61d7e023aa1eca38ebbd9c2119454
E8_FR6-4,e8-fr6-4-alulosa,Allulose,DAPI,cellpose_segmentation,True,/tmp/fig3_human_accepted_raw_project_20260823_v1/Paper/Fig3/raw/legacy_experiment_2025_07_28/E8-FR6-4_ALULOSA_dapi_seg.npy,26178306,f3ba80789acb7a2d1b79241236fef7fbee11d66a3f3db7c8f959e8c077965314
E8_FR6-4,e8-fr6-4-alulosa,Allulose,NPY,cellpose_segmentation,True,/tmp/fig3_human_accepted_raw_project_20260823_v1/Paper/Fig3/raw/legacy_experiment_2025_07_28/E8-FR6-4_ALULOSA_gfp_seg.npy,26166661,81978bcca94d0e74e6cdd5d53291283aa54e6ab9288d4531072ac4cf889c0d14
E8_FR6-4,e8-fr6-4-alulosa,Allulose,NeuN,cellpose_segmentation,True,/tmp/fig3_human_accepted_raw_project_20260823_v1/Paper/Fig3/raw/legacy_experiment_2025_07_28/E8-FR6-4_ALULOSA_NeuN_seg.npy,26161666,6ba7313967c39523cc8a169b7da77cc16255cc4e05ab8ebd69666f17e3dbf4a5
E8_FR6-4,e8-fr6-4-alulosa,Allulose,c-FOS,cellpose_segmentation,True,/tmp/fig3_human_accepted_raw_project_20260823_v1/Paper/Fig3/raw/legacy_experiment_2025_07_28/E8-FR6-4_ALULOSA_fos_seg.npy,26157113,b0df57d75a7307980a81cb34d280044e3cf6ea7b54fe82b12899838577a51dca
E7_FR7-1,e7-fr7-1,Sucrose,DAPI,cellpose_segmentation,True,/tmp/fig3_human_accepted_raw_project_20260823_v1/Paper/Fig3/raw/legacy_experiment_2025_07_28/E7-FR7-1_dapi_seg.npy,26167864,bc6c2a8c53bd4319439b9759d49fef135f20c0045d0389b8141ccbf5d21520da
E7_FR7-1,e7-fr7-1,Sucrose,NPY,cellpose_segmentation,True,/tmp/fig3_human_accepted_raw_project_20260823_v1/Paper/Fig3/raw/legacy_experiment_2025_07_28/E7-FR7-1_gfp_seg.npy,26523886,468c07903e05f97d81ba7d0108a70ae83d5e0da96f5806cbcc2d414b7b33241e
E7_FR7-1,e7-fr7-1,Sucrose,NeuN,cellpose_segmentation,True,/tmp/fig3_human_accepted_raw_project_20260823_v1/Paper/Fig3/raw/legacy_experiment_2025_07_28/E7-FR7-1_NeuN_seg.npy,26155275,b740a090eb5185577d220f5fa225bdf33451c765109c4da1886571edcd54a2f9
E7_FR7-1,e7-fr7-1,Sucrose,c-FOS,cellpose_segmentation,True,/tmp/fig3_human_accepted_raw_project_20260823_v1/Paper/Fig3/raw/legacy_experiment_2025_07_28/E7-FR7-1_fos_seg.npy,26181189,0b6b86969686532f42ad513f7a92ca6096c23b6d085074f1ef2861115133f359
E7_FR7-5,e7-fr7-5,Sucrose,DAPI,cellpose_segmentation,True,/tmp/fig3_human_accepted_raw_project_20260823_v1/Paper/Fig3/raw/legacy_experiment_2025_07_28/E7-FR7-5_dapi_seg.npy,38216846,5ee8adeaf5abb5ba3fd1637abbc73f5bc3634118f8fa184cbc49bea0b4abbe41
E7_FR7-5,e7-fr7-5,Sucrose,NPY,cellpose_segmentation,True,/tmp/fig3_human_accepted_raw_project_20260823_v1/Paper/Fig3/raw/legacy_experiment_2025_07_28/E7-FR7-5_gfp_seg.npy,38691073,2a8ff8dc72a099dd99e6c3c0a69f20d0405ce83c15603e1c31a712b8166bb9f9
E7_FR7-5,e7-fr7-5,Sucrose,NeuN,cellpose_segmentation,True,/tmp/fig3_human_accepted_raw_project_20260823_v1/Paper/Fig3/raw/legacy_experiment_2025_07_28/E7-FR7-5_NeuN_seg.npy,38219242,362becdd2a9ff591b4d8ebd5e70ef2cc316932f830c07037c794a2b7481740d7
E7_FR7-5,e7-fr7-5,Sucrose,c-FOS,cellpose_segmentation,True,/tmp/fig3_human_accepted_raw_project_20260823_v1/Paper/Fig3/raw/legacy_experiment_2025_07_28/E7-FR7-5_fos_seg.npy,38218807,b8beb7ad8b106484c58042af943fb0ae4003d01196be3ae6ad8b2cd513eb68dc
E9_FR8-1,e9-fr8-1,Sucrose,DAPI,cellpose_segmentation,True,/tmp/fig3_human_accepted_raw_project_20260823_v1/Paper/Fig3/raw/legacy_experiment_2025_07_28/E9-FR8-1_dapi_seg.npy,26163473,604bb94ab52dc5164778cd84a891213eab35f7567f4e2664d36da6ceca9beb16
E9_FR8-1,e9-fr8-1,Sucrose,NPY,cellpose_segmentation,True,/tmp/fig3_human_accepted_raw_project_20260823_v1/Paper/Fig3/raw/legacy_experiment_2025_07_28/E9-FR8-1_gfp_seg.npy,26400794,6613a9de314ed044f7acaf80f42e557f312b680587a3bbaaca68e42bcd76ea85
E9_FR8-1,e9-fr8-1,Sucrose,NeuN,cellpose_segmentation,True,/tmp/fig3_human_accepted_raw_project_20260823_v1/Paper/Fig3/raw/legacy_experiment_2025_07_28/E9-FR8-1_NeuN_seg.npy,26154511,d5fbd004c8bbac5c742b0bdf6528c8959a53e571901022e90457ca3d519938a3
E9_FR8-1,e9-fr8-1,Sucrose,c-FOS,cellpose_segmentation,True,/tmp/fig3_human_accepted_raw_project_20260823_v1/Paper/Fig3/raw/legacy_experiment_2025_07_28/E9-FR8-1_fos_seg.npy,26162715,ebea3ba28318a515cefca38d152b6c25f3a9f9875581197209879d0bd3ff4bfd
WATER_NPY1,water-npy1-0001,Water,DAPI,cellpose_segmentation,True,/tmp/fig3_human_accepted_raw_project_20260823_v1/Paper/Fig3/raw/legacy_experiment_2025_07_28/water/WATER_NPY1-0001_dapi_seg.npy,162426731,0f2ed27f48b02b6b49887d073184e0c9ed64a53b2e8e83d42da9a7b285a5e052
WATER_NPY1,water-npy1-0001,Water,NPY,cellpose_segmentation,True,/tmp/fig3_human_accepted_raw_project_20260823_v1/Paper/Fig3/raw/legacy_experiment_2025_07_28/water/WATER_NPY1-0001_GFP_seg.npy,162424831,7e10840e389a8aef1d01b3846e89c47b6582a97e5a581c214dc916e80f771b59
WATER_NPY1,water-npy1-0001,Water,NeuN,cellpose_segmentation,True,/tmp/fig3_human_accepted_raw_project_20260823_v1/Paper/Fig3/raw/legacy_experiment_2025_07_28/water/WATER_NPY1-0001_NeuN_seg.npy,162810515,07378e5fc3d5a93cfce7c3f63e63955955f9e491d40dd0fd5e2bb874062941bf
WATER_NPY1,water-npy1-0001,Water,c-FOS,cellpose_segmentation,True,/tmp/fig3_human_accepted_raw_project_20260823_v1/Paper/Fig3/raw/legacy_experiment_2025_07_28/water/WATER_NPY1-0001_fos_seg.npy,165186891,3731ab03188d5acc90fdcfe8a8a69b6a0a7b22a73bb41fe20fd7dbdf04e56eef
WATER_NPY2,water-npy2-0001,Water,DAPI,cellpose_segmentation,True,/tmp/fig3_human_accepted_raw_project_20260823_v1/Paper/Fig3/raw/legacy_experiment_2025_07_28/water/WATER_NPY2-0001_dapi_seg.npy,282574685,fb77993b5d928e6f9fc19043e076554729db5721203f1780feba9675d2f12c0b
WATER_NPY2,water-npy2-0001,Water,NPY,cellpose_segmentation,True,/tmp/fig3_human_accepted_raw_project_20260823_v1/Paper/Fig3/raw/legacy_experiment_2025_07_28/water/WATER_NPY2-0001_GFP_seg.npy,283434332,5af0388dea2894f3d20b7794ae424bb5f66a9dd682d794744478fabcd560819d
WATER_NPY2,water-npy2-0001,Water,NeuN,cellpose_segmentation,True,/tmp/fig3_human_accepted_raw_project_20260823_v1/Paper/Fig3/raw/legacy_experiment_2025_07_28/water/WATER_NPY2-0001_NeuN_seg.npy,282879880,216d38e8c960275cfd979337b670382eae25f0a43e05be58c117de45f22caa33
WATER_NPY2,water-npy2-0001,Water,c-FOS,cellpose_segmentation,True,/tmp/fig3_human_accepted_raw_project_20260823_v1/Paper/Fig3/raw/legacy_experiment_2025_07_28/water/WATER_NPY2-0001_fos_seg.npy,284018442,b6e82a6c85966dba752dca04bb8e21d9a05027b44c1b3fbf465cbfc5dcfea85d
WATER_NPY3,water-npy3-s01,Water,DAPI,cellpose_segmentation,True,/tmp/fig3_human_accepted_raw_project_20260823_v1/Paper/Fig3/raw/legacy_experiment_2025_07_28/water/WATER_NPY3_S01_dapi_seg.npy,53881374,f2fe88d7ea465247ac1eff4c388391e0b5c287b9436420b5012f6a071d2a5f82
WATER_NPY3,water-npy3-s01,Water,NPY,cellpose_segmentation,True,/tmp/fig3_human_accepted_raw_project_20260823_v1/Paper/Fig3/raw/legacy_experiment_2025_07_28/water/WATER_NPY3_S01_GFP_seg.npy,53945479,477a965a90b442d3b814d41405ce30083bab84e8e2f4028f42995959a70b2a0c
WATER_NPY3,water-npy3-s01,Water,c-FOS,cellpose_segmentation,True,/tmp/fig3_human_accepted_raw_project_20260823_v1/Paper/Fig3/raw/legacy_experiment_2025_07_28/water/WATER_NPY3_S01_fos_seg.npy,53873392,50a93a70f12088afb1f63aaa337636003cb242e41d0c2ae94c894efd21816648
E8_FR6-1,e8-fr6-1-alulosa-25x,Allulose,DAPI,channel_tiff_companion,False,/tmp/fig3_human_accepted_raw_project_20260823_v1/Paper/Fig3/raw/legacy_experiment_2025_07_28/E8 FR6-1_ALULOSA_25X_dapi.tif,3922346,1368b6d2d4629992032b48b7414c60c03e9cdc81a27fe98f8d056e51a7cefe07
E8_FR6-1,e8-fr6-1-alulosa-25x,Allulose,NPY,channel_tiff_companion,False,/tmp/fig3_human_accepted_raw_project_20260823_v1/Paper/Fig3/raw/legacy_experiment_2025_07_28/E8 FR6-1_ALULOSA_25X_gfp.tif,3922346,25dbd688704f6dba9b801087a272e2ce9796bafe350fdc65016fa8f00fb4d0c4
E8_FR6-1,e8-fr6-1-alulosa-25x,Allulose,NeuN,channel_tiff_companion,False,/tmp/fig3_human_accepted_raw_project_20260823_v1/Paper/Fig3/raw/legacy_experiment_2025_07_28/E8 FR6-1_ALULOSA_25X_NeuN.tif,3922346,42212745773d40e9e6e727d3cd98afeaa5afd30e8f32c8cd102606b18f1b3798
E8_FR6-1,e8-fr6-1-alulosa-25x,Allulose,c-FOS,channel_tiff_companion,False,/tmp/fig3_human_accepted_raw_project_20260823_v1/Paper/Fig3/raw/legacy_experiment_2025_07_28/E8 FR6-1_ALULOSA_25X_fos.tif,3922346,07d64f7e7820d066616fcd23d798b0b333f8b9d24f2425feb4f87183029e27a0
E8_FR6-3,e8-fr6-3-alulosa,Allulose,DAPI,channel_tiff_companion,False,/tmp/fig3_human_accepted_raw_project_20260823_v1/Paper/Fig3/raw/legacy_experiment_2025_07_28/E8-FR6-3_ALULOSA_dapi.tif,3937370,1dbc16b60598d151611e4f69790737199bf43a6c17f5f29606fcbbd0916ec7f0
E8_FR6-3,e8-fr6-3-alulosa,Allulose,NPY,channel_tiff_companion,False,/tmp/fig3_human_accepted_raw_project_20260823_v1/Paper/Fig3/raw/legacy_experiment_2025_07_28/E8-FR6-3_ALULOSA_gfp.tif,3937370,6a8bc29b396c6f9df8db50dd519932456cd686d3a9eb0a4eed20b0d432609a96
E8_FR6-3,e8-fr6-3-alulosa,Allulose,NeuN,channel_tiff_companion,False,/tmp/fig3_human_accepted_raw_project_20260823_v1/Paper/Fig3/raw/legacy_experiment_2025_07_28/E8-FR6-3_ALULOSA_NeuN.tif,3937370,03151b3b5bc9c5ccbadbedf48b7644fa30c726f5e728de7908676bf0092beb26
E8_FR6-3,e8-fr6-3-alulosa,Allulose,c-FOS,channel_tiff_companion,False,/tmp/fig3_human_accepted_raw_project_20260823_v1/Paper/Fig3/raw/legacy_experiment_2025_07_28/E8-FR6-3_ALULOSA_fos.tif,3937370,3b1b05659dfa0cb059b853f8afa182e4a03ded9b57a75649357251304deb5c62
E8_FR6-4,e8-fr6-4-alulosa,Allulose,DAPI,channel_tiff_companion,False,/tmp/fig3_human_accepted_raw_project_20260823_v1/Paper/Fig3/raw/legacy_experiment_2025_07_28/E8-FR6-4_ALULOSA_dapi.tif,3922346,59318a5c319d2d72c5aa3bc672742852149ea9038cdd143b0df2b5c5e9fe1f6b
E8_FR6-4,e8-fr6-4-alulosa,Allulose,NPY,channel_tiff_companion,False,/tmp/fig3_human_accepted_raw_project_20260823_v1/Paper/Fig3/raw/legacy_experiment_2025_07_28/E8-FR6-4_ALULOSA_gfp.tif,3922346,4c21c8f06844f488757ce9c8e9b82b33fc7e430c6b9fe8d3e45f0a6bac897da1
E8_FR6-4,e8-fr6-4-alulosa,Allulose,NeuN,channel_tiff_companion,False,/tmp/fig3_human_accepted_raw_project_20260823_v1/Paper/Fig3/raw/legacy_experiment_2025_07_28/E8-FR6-4_ALULOSA_NeuN.tif,3922346,2d5dda1d57a870f88c88a7afc91fbd719c17ba342cf4904600a7c96783f2109d
E8_FR6-4,e8-fr6-4-alulosa,Allulose,c-FOS,channel_tiff_companion,False,/tmp/fig3_human_accepted_raw_project_20260823_v1/Paper/Fig3/raw/legacy_experiment_2025_07_28/E8-FR6-4_ALULOSA_fos.tif,3922346,a545e444fa819068b6ff0b1ab7d7488df543cc15f3f172126e03620a048de3c7
E7_FR7-1,e7-fr7-1,Sucrose,DAPI,channel_tiff_companion,False,/tmp/fig3_human_accepted_raw_project_20260823_v1/Paper/Fig3/raw/legacy_experiment_2025_07_28/E7-FR7-1_dapi.tif,3922346,a931f7fa6d3f5e45ac61f3971d884c7b92f8fa47e37ecbedb070cc922e84c55e
E7_FR7-1,e7-fr7-1,Sucrose,NPY,channel_tiff_companion,False,/tmp/fig3_human_accepted_raw_project_20260823_v1/Paper/Fig3/raw/legacy_experiment_2025_07_28/E7-FR7-1_gfp.tif,3922346,15fa0d96d6a993cb9bfb23fa8f1095cb6dc98ce3b42a17240fe3b9c9a0a72b1c
E7_FR7-1,e7-fr7-1,Sucrose,NeuN,channel_tiff_companion,False,/tmp/fig3_human_accepted_raw_project_20260823_v1/Paper/Fig3/raw/legacy_experiment_2025_07_28/E7-FR7-1_NeuN.tif,3922346,81bf24e723d1587b808fc7ed99388c52ad497f1af157b71aac99885301aa6090
E7_FR7-1,e7-fr7-1,Sucrose,c-FOS,channel_tiff_companion,False,/tmp/fig3_human_accepted_raw_project_20260823_v1/Paper/Fig3/raw/legacy_experiment_2025_07_28/E7-FR7-1_fos.tif,3922346,194d8db8be1a7443a5fe9c88bd0884ee3f395ee73d7a1556ba0c8e70b0e26eac
E7_FR7-5,e7-fr7-5,Sucrose,DAPI,channel_tiff_companion,False,/tmp/fig3_human_accepted_raw_project_20260823_v1/Paper/Fig3/raw/legacy_experiment_2025_07_28/E7-FR7-5_dapi.tif,5730002,b0d6935331a4309b9fa2b8247b977f86b7be82f2ec4edbcff24f3e59fb751bfc
E7_FR7-5,e7-fr7-5,Sucrose,NPY,channel_tiff_companion,False,/tmp/fig3_human_accepted_raw_project_20260823_v1/Paper/Fig3/raw/legacy_experiment_2025_07_28/E7-FR7-5_gfp.tif,5730002,2a05c21b0c9ce32739ce2ee83a073b0836aee8b7daa39e04f7414753c24afda5
E7_FR7-5,e7-fr7-5,Sucrose,NeuN,channel_tiff_companion,False,/tmp/fig3_human_accepted_raw_project_20260823_v1/Paper/Fig3/raw/legacy_experiment_2025_07_28/E7-FR7-5_NeuN.tif,5730002,0cb24c1c00891f35da03618487b13f01baffd817a9aa6f44ef6afd5ab6bcded9
E7_FR7-5,e7-fr7-5,Sucrose,c-FOS,channel_tiff_companion,False,/tmp/fig3_human_accepted_raw_project_20260823_v1/Paper/Fig3/raw/legacy_experiment_2025_07_28/E7-FR7-5_fos.tif,5730002,499961aa1b74ff15544cf705dedb09b57714e72f8ad7f6a98b7d7123a4e4b796
E9_FR8-1,e9-fr8-1,Sucrose,DAPI,channel_tiff_companion,False,/tmp/fig3_human_accepted_raw_project_20260823_v1/Paper/Fig3/raw/legacy_experiment_2025_07_28/E9-FR8-1_dapi.tif,3922346,ad0c49580590499dd5d4a0e209acc3e843a7ff042fb60ceb371b653dd84fa31b
E9_FR8-1,e9-fr8-1,Sucrose,NPY,channel_tiff_companion,False,/tmp/fig3_human_accepted_raw_project_20260823_v1/Paper/Fig3/raw/legacy_experiment_2025_07_28/E9-FR8-1_gfp.tif,3922346,8e73a7ffa1ca5a7a75a1189981e16c70a095574347d1f4fa2a14cf0c387cef57
E9_FR8-1,e9-fr8-1,Sucrose,NeuN,channel_tiff_companion,False,/tmp/fig3_human_accepted_raw_project_20260823_v1/Paper/Fig3/raw/legacy_experiment_2025_07_28/E9-FR8-1_NeuN.tif,3922346,f52d4ae51416928a68a830c7e1030b9347049927dfa33222bdef8bbdc7f413b0
E9_FR8-1,e9-fr8-1,Sucrose,c-FOS,channel_tiff_companion,False,/tmp/fig3_human_accepted_raw_project_20260823_v1/Paper/Fig3/raw/legacy_experiment_2025_07_28/E9-FR8-1_fos.tif,3922346,f3f5c871429448ff2c8924082e346e42c0d5486b2c74d5e59c22e2cdcf88c910
WATER_NPY1,water-npy1-0001,Water,DAPI,channel_tiff_companion,False,/tmp/fig3_human_accepted_raw_project_20260823_v1/Paper/Fig3/raw/legacy_experiment_2025_07_28/water/WATER_NPY1-0001_dapi.tif,24358910,be0cc8986ea8a2b0de186786c05e71d6b6dcb46e8ebd4862a789d9a2a957234e
WATER_NPY1,water-npy1-0001,Water,NPY,channel_tiff_companion,False,/tmp/fig3_human_accepted_raw_project_20260823_v1/Paper/Fig3/raw/legacy_experiment_2025_07_28/water/WATER_NPY1-0001_GFP.tif,24358910,a189feaef6217f70aa2e24e819868b693c38b8ddc528b29efb8c6b0401d0c926
WATER_NPY1,water-npy1-0001,Water,NeuN,channel_tiff_companion,False,/tmp/fig3_human_accepted_raw_project_20260823_v1/Paper/Fig3/raw/legacy_experiment_2025_07_28/water/WATER_NPY1-0001_NeuN.tif,24358910,ce6cccee2ca5245c53ce8ebd931cdf49870882216ab72cecd4f5b31e8cbfd2be
WATER_NPY1,water-npy1-0001,Water,c-FOS,channel_tiff_companion,False,/tmp/fig3_human_accepted_raw_project_20260823_v1/Paper/Fig3/raw/legacy_experiment_2025_07_28/water/WATER_NPY1-0001_fos.tif,24358910,c104e16e464765ebe79c18c5eb0db13a3433669530019828a392d4f031fc723a
WATER_NPY2,water-npy2-0001,Water,DAPI,channel_tiff_companion,False,/tmp/fig3_human_accepted_raw_project_20260823_v1/Paper/Fig3/raw/legacy_experiment_2025_07_28/water/WATER_NPY2-0001_dapi.tif,42378926,d5d40182e3d4bf396ef1277815f851d111aa90bfba3d6b2bf7083080c9657044
WATER_NPY2,water-npy2-0001,Water,NPY,channel_tiff_companion,False,/tmp/fig3_human_accepted_raw_project_20260823_v1/Paper/Fig3/raw/legacy_experiment_2025_07_28/water/WATER_NPY2-0001_GFP.tif,42378926,aa1fd314b875032d648f0eb068842353537c7fe00b2ba7e0bf33a99e665ef6e7
WATER_NPY2,water-npy2-0001,Water,NeuN,channel_tiff_companion,False,/tmp/fig3_human_accepted_raw_project_20260823_v1/Paper/Fig3/raw/legacy_experiment_2025_07_28/water/WATER_NPY2-0001_NeuN.tif,42378926,23c0864736353aea6a0b4496405e04794388d5eab91a15d5e1b1d43452d9c7ec
WATER_NPY2,water-npy2-0001,Water,c-FOS,channel_tiff_companion,False,/tmp/fig3_human_accepted_raw_project_20260823_v1/Paper/Fig3/raw/legacy_experiment_2025_07_28/water/WATER_NPY2-0001_fos.tif,42378926,d52c02775b283a12379b579c061d13a478543bb0c21f65342d5efefd2347f03c
WATER_NPY3,water-npy3-s01,Water,DAPI,channel_tiff_companion,False,/tmp/fig3_human_accepted_raw_project_20260823_v1/Paper/Fig3/raw/legacy_experiment_2025_07_28/water/WATER_NPY3_S01_dapi.tif,6044540,a19eddebca230df50a266e9531936582e3d084e97621f90ad906b80d044db877
WATER_NPY3,water-npy3-s01,Water,NPY,channel_tiff_companion,False,/tmp/fig3_human_accepted_raw_project_20260823_v1/Paper/Fig3/raw/legacy_experiment_2025_07_28/water/WATER_NPY3_S01_GFP.tif,6565299,eee6c2984e3091dadc851d04b0a8d0220cc4e14ce3ca61a06dd12bcbb132f93e
WATER_NPY3,water-npy3-s01,Water,c-FOS,channel_tiff_companion,False,/tmp/fig3_human_accepted_raw_project_20260823_v1/Paper/Fig3/raw/legacy_experiment_2025_07_28/water/WATER_NPY3_S01_fos.tif,8413489,b9164dd8ca0091c5191455f39dac24817f0574e3677efbbdcd7f8e7a7035edc2
WATER_NPY3,water-npy3-s01,Water,NeuN,display_only_failed_channel,False,/tmp/fig3_human_accepted_raw_project_20260823_v1/Paper/Fig3/raw/legacy_experiment_2025_07_28/water/WATER_NPY3_S01_NeuN_display_only.tif,4847768,45af96f64bf286f28fa9fbce7a0ac1e2db72e6895fb707a254a3fb6751a22dae
WATER_NPY3,water-npy3-s01,Water,NeuN,display_only_failure_receipt,False,/tmp/fig3_human_accepted_raw_project_20260823_v1/Paper/Fig3/raw/legacy_experiment_2025_07_28/water/WATER_NPY3_S01_NeuN_display_only_provenance.json,3015,93626ff75d90027e9e93d11c14aae623023d57b09c00625ab0147dfffd84c323
,,,,metadata_companion,False,/tmp/fig3_human_accepted_raw_project_20260823_v1/Paper/Fig3/raw/legacy_experiment_2025_07_28/apotome_2025_07_28_npy_samplesheet.csv,566,72a8a04698538f53eece8ff5b435eb2448a7de7cf0c5ac0a32b361e1a807f090
,,,,metadata_companion,False,/tmp/fig3_human_accepted_raw_project_20260823_v1/Paper/Fig3/raw/legacy_experiment_2025_07_28/water/WATER_NPY3_S01_extraction_provenance.json,6266,cc74936c087a4313bff6764fe5a689e8ec1ac088cf6ca8dce1bfcd20c9537029
,,,,metadata_companion,False,/tmp/fig3_human_accepted_raw_project_20260823_v1/Paper/Fig3/raw/legacy_experiment_2025_07_28/water/apotome_2025_07_28_npy_water_samplesheet.csv,219,81d0abd9c1b3716d1bdfaddc7d86ecbd81f51ef5f1a3272aa615b728b8d4c98f
,,,,metadata_companion,False,scripts/Fig3/00_extract_water3_neun_display.py,9825,2b834ae47f54d0c4d9e62d0a081eeee04150e2b6a726f70749643227d2ad7659
